CASEID,計畫道路,隸屬行政區,路名
21,,金門縣金城鎮,珠水路
23,,金門縣金寧鄉,東湖路
24,,金門縣金城鎮,西海路二段
26,,金門縣金城鎮,延平路
28,Ⅱ－1－18M,金門縣金城鎮,民權路
28,Ⅱ－2－18M,金門縣金城鎮,民生路
28,Ⅱ－3－18M,金門縣金城鎮,民權路
29,Ⅲ-11-15M,金門縣金湖鎮,太湖路二段
30,,金門縣金寧鄉,伯玉路二段
34,,金門縣金沙鎮,大山路
34,,金門縣金沙鎮,陽沙路
36,,金門縣金湖鎮,環島東路四段
37,,金門縣金城鎮,珠水路
38,細二-12m,金門縣金湖鎮,
39,Ⅲ-11-15M,金門縣金湖鎮,太湖路二段
39,主計未編號07-1-9,金門縣金湖鎮,復興路一段
39,細2-15-7M,金門縣金湖鎮,士校路
39,細2-35-7M,金門縣金湖鎮,士校路
39,主計未編號08-9M,金門縣金湖鎮,士校路
39,Ⅲ-11-15M,金門縣金湖鎮,太湖路三段
39,Ⅲ-11-15M,金門縣金湖鎮,太湖路二段
39,Ⅲ-11-15M,金門縣金湖鎮,士校路
39,,金門縣金湖鎮,黃海路
39,細2-16-8M,金門縣金湖鎮,
39,,金門縣金湖鎮,環島南路五段
40,主計未編號27-8M,金門縣金城鎮,
41,主計未編號10-10M,金門縣金城鎮,
41,主計未編號24-9M,金門縣金城鎮,
41,主計未編號1-17M,金門縣金城鎮,
42,細1-22-8M,金門縣金城鎮,
42,細1-40-1-6M,金門縣金城鎮,
43,,金門縣金寧鄉,伯玉路二段
45,主計未編號1-1-17,金門縣金城鎮,浯江北堤路
45,Ⅱ－4－25M,金門縣金城鎮,西海路三段
45,Ⅰ－1－30M,金門縣金城鎮,環島西路一段
47,,金門縣金城鎮,環島西路二段
47,Ⅰ－5－30M,金門縣金城鎮,環島西路二段
47,主計未編號26-8M,金門縣金城鎮,
47,,金門縣金寧鄉,環島西路二段
48,主計未編號07-1-9,金門縣金湖鎮,中正路
49,,金門縣金湖鎮,環島南路五段
50,,金門縣金寧鄉,伯玉路一段
51,主計未編號12-10M,金門縣金城鎮,
51,細1-152-4M,金門縣金城鎮,
52,Ⅰ－5－30M,金門縣金城鎮,環島西路二段
53,Ⅱ－3－18M,金門縣金城鎮,民權路
53,主計未編號22-9M,金門縣金城鎮,
54,,金門縣金沙鎮,
55,,金門縣金湖鎮,環島南路五段
56,Ⅲ-11-15M,金門縣金湖鎮,
57,主計未編號7-8M,金門縣金沙鎮,
57,,金門縣金沙鎮,
57,主計未編號17-6M,金門縣金沙鎮,
57,,金門縣金湖鎮,
58,主計未編號07-1-9,金門縣金湖鎮,復興路一段
60,,金門縣金湖鎮,環島南路五段
61,細2-20-4-5M,金門縣金湖鎮,
61,主計未編號09-9M,金門縣金湖鎮,自強路
62,,金門縣金寧鄉,堡山路
64,,金門縣金城鎮,金山路
65,,金門縣金寧鄉,環島南路一段
65,,金門縣金寧鄉,環島南路一段
65,,金門縣金寧鄉,東湖路
66,,金門縣金湖鎮,環島南路三段
67,,金門縣金湖鎮,
71,細1-151-4M,金門縣金城鎮,
72,,金門縣金沙鎮,沙青路
72,,金門縣金沙鎮,沙青路
72,,金門縣金沙鎮,沙青路
72,,金門縣金沙鎮,光華路二段
73,,金門縣金湖鎮,環島北路三段
74,細1-272-4M,金門縣金城鎮,
75,,金門縣金寧鄉,桃園路
76,,金門縣金湖鎮,南機路
76,,金門縣金湖鎮,南機路
78,,金門縣金寧鄉,頂林路
78,,金門縣金寧鄉,頂林路
78,,金門縣金寧鄉,瓊安路
78,,金門縣金寧鄉,瓊安路
78,,金門縣金寧鄉,頂林路
81,Ⅱ－3－10M,金門縣金城鎮,民族路
81,Ⅱ－4－25M,金門縣金城鎮,西海路三段
81,Ⅱ－3－18M,金門縣金城鎮,民權路
83,Ⅲ-11-15M,金門縣金湖鎮,太湖路二段
83,主計未編號28-5M,金門縣金湖鎮,
86,,金門縣金湖鎮,環島南路三段
87,,金門縣金城鎮,西海路一段
88,主計未編號8-10M,金門縣金城鎮,
90,,金門縣烈嶼鄉,
91,,金門縣金寧鄉,慈湖路一段
94,,金門縣金湖鎮,環島東路五段
97,,金門縣金沙鎮,環島北路四段
98,Ⅲ-11-15M,金門縣金湖鎮,太湖路二段
99,,金門縣金沙鎮,
100,主計未編號12-10M,金門縣金城鎮,
101,主計未編號41-8M,金門縣金城鎮,
101,主計未編號14-1-1,金門縣金城鎮,
102,Ⅰ－5－30M,金門縣金城鎮,環島西路二段
103,主計未編號46-9M,金門縣金城鎮,
103,主計未編號6-10M,金門縣金城鎮,
104,,金門縣金城鎮,環島西路一段
105,Ⅲ-11-15M,金門縣金湖鎮,太湖路二段
105,,金門縣金湖鎮,
105,,金門縣金湖鎮,自強路
106,,金門縣金寧鄉,伯玉路一段
107,,金門縣金湖鎮,環島南路四段
109,Ⅲ-11-15M,金門縣金湖鎮,太湖路二段
110,,金門縣金城鎮,延平路
113,,金門縣金寧鄉,伯玉路二段
113,,金門縣金寧鄉,盤果路
114,,金門縣金寧鄉,瓊安路
115,,金門縣金寧鄉,環島南路二段
116,,金門縣金寧鄉,頂林路
116,,金門縣金寧鄉,
116,,金門縣金寧鄉,
121,,金門縣金湖鎮,環島北路三段
121,,金門縣金沙鎮,環島北路三段
122,,金門縣金城鎮,西海路一段
124,,金門縣金沙鎮,
127,,金門縣金寧鄉,頂林路
127,,金門縣金寧鄉,寧湖路
128,,金門縣金湖鎮,
130,Ⅲ-11-15M,金門縣金湖鎮,太湖路二段
130,Ⅲ-11-15M,金門縣金湖鎮,
130,主計未編號28-5M,金門縣金湖鎮,
133,Ⅲ-11-15M,金門縣金湖鎮,
133,細2-26-4M,金門縣金湖鎮,
133,Ⅲ-11-15M,金門縣金湖鎮,市港路
134,主計未編號1-1-17,金門縣金城鎮,浯江北堤路
134,,金門縣金城鎮,環島西路一段
134,Ⅰ－1－30M,金門縣金城鎮,環島西路一段
136,Ⅲ-11-15M,金門縣金湖鎮,
137,主計未編號46-9M,金門縣金城鎮,
137,細1-244-4M,金門縣金城鎮,
137,主計未編號6-10M,金門縣金城鎮,
137,細1-33-6M,金門縣金城鎮,
138,,金門縣金寧鄉,林湖路
139,細一-18m,金門縣金湖鎮,三多路
139,細九-12m,金門縣金湖鎮,
142,,金門縣金城鎮,金山路
144,,金門縣金湖鎮,經武路
144,,金門縣金湖鎮,瓊徑路
146,Ⅱ－2－18M,金門縣金城鎮,民生路
148,,金門縣金沙鎮,環島北路四段
149,Ⅱ－2－18M,金門縣金城鎮,民生路
150,,金門縣金湖鎮,環島南路三段
154,,金門縣金沙鎮,環島東路二段
155,,金門縣金沙鎮,光華路二段
155,,金門縣金沙鎮,陽沙路
155,,金門縣金沙鎮,陽沙路
155,,金門縣金沙鎮,陽沙路
156,,金門縣金湖鎮,
157,主計未編號46-9M,金門縣金城鎮,
157,細1-19-5M,金門縣金城鎮,
157,主計未編號22-9M,金門縣金城鎮,
158,主計未編號24-9M,金門縣金城鎮,
158,細1-68-6M,金門縣金城鎮,
158,主計未編號56-4M,金門縣金城鎮,
158,細1-71-6M,金門縣金城鎮,
158,,金門縣金湖鎮,
158,,金門縣金城鎮,西海路三段
158,主計未編號1-17M,金門縣金城鎮,
158,主計未編號1-1-17,金門縣金城鎮,浯江北堤路
158,細1-32-6M,金門縣金城鎮,
158,主計未編號35-6M,金門縣金城鎮,
158,Ⅱ－4－25M,金門縣金城鎮,西海路三段
158,細1-28-7M,金門縣金城鎮,
158,主計未編號28-6M,金門縣金城鎮,
158,主計未編號31-5M,金門縣金城鎮,
158,主計未編號23-9M,金門縣金城鎮,
158,細1-70-3M,金門縣金城鎮,
158,,金門縣金城鎮,環島西路一段
158,Ⅰ－1－30M,金門縣金城鎮,環島西路一段
159,主計未編號10-10M,金門縣金城鎮,
159,主計未編號24-9M,金門縣金城鎮,
159,,金門縣金湖鎮,
159,主計未編號1-17M,金門縣金城鎮,
160,主計未編號10-10M,金門縣金城鎮,
160,主計未編號24-9M,金門縣金城鎮,
160,主計未編號1-17M,金門縣金城鎮,
162,主計未編號14-7M,金門縣金沙鎮,
163,細一-18m,金門縣金湖鎮,三多路
163,,金門縣金湖鎮,環島南路五段
163,,金門縣金湖鎮,環島南路五段
163,,金門縣金湖鎮,環島東路五段
163,,金門縣金湖鎮,金港路
164,Ⅱ-14-12M,金門縣金湖鎮,黃海路
165,,金門縣金湖鎮,環島南路四段
166,主計未編號07-1-9,金門縣金湖鎮,復興路
166,,金門縣金湖鎮,
167,主計未編號1-1-17,金門縣金城鎮,浯江北堤路
167,主計未編號28-6M,金門縣金城鎮,
168,主計未編號1-1-17,金門縣金城鎮,浯江北堤路
168,主計未編號28-6M,金門縣金城鎮,
170,,金門縣金沙鎮,環島北路四段
170,I-4-30M,金門縣金沙鎮,環島北路四段
170,,金門縣金沙鎮,環島北路四段
172,,金門縣金寧鄉,慈湖路二段
172,,金門縣金寧鄉,慈湖路二段
173,,金門縣金湖鎮,環島南路四段
176,,金門縣金沙鎮,2-22
177,,金門縣金沙鎮,環島東路一段
177,,金門縣金沙鎮,環島東路二段
179,I-4-30M,金門縣金沙鎮,沙青路
179,,金門縣金沙鎮,
179,,金門縣金沙鎮,
179,主計未編號3-9M,金門縣金沙鎮,
179,主計未編號3-9M,金門縣金沙鎮,成功路
179,,金門縣金沙鎮,環島北路四段
179,I-4-30M,金門縣金沙鎮,環島北路四段
179,I-3-30M,金門縣金沙鎮,
179,,金門縣金湖鎮,
180,,金門縣金寧鄉,環島西路二段
182,細1-41-6M,金門縣金城鎮,
183,,金門縣金寧鄉,環島西路二段
184,,金門縣金寧鄉,環島西路二段
185,,金門縣金寧鄉,環島西路二段
186,,金門縣金寧鄉,環島西路二段
187,,金門縣金城鎮,金山路
189,,金門縣金湖鎮,
189,,金門縣金寧鄉,桃園路
190,,金門縣金寧鄉,林湖路
190,,金門縣金寧鄉,林湖路
191,,金門縣金寧鄉,盤果路
192,,金門縣金湖鎮,環島東路二段
194,,金門縣金沙鎮,環島東路一段
195,,金門縣烈嶼鄉,湖埔路
195,,金門縣烈嶼鄉,九井路
196,細1-216-1-3M,金門縣金城鎮,
198,,金門縣金湖鎮,太湖路一段
198,,金門縣金湖鎮,太湖路一段
199,,金門縣金城鎮,
200,,金門縣金寧鄉,伯玉路一段
201,I-4-30M,金門縣金沙鎮,環島北路四段
201,I-3-30M,金門縣金沙鎮,
202,Ⅱ－3－10M,金門縣金城鎮,民族路
202,主計未編號1-1-17,金門縣金城鎮,浯江北堤路
202,細1-28-7M,金門縣金城鎮,
202,主計未編號28-6M,金門縣金城鎮,
202,主計未編號31-5M,金門縣金城鎮,
202,細1-75-6M,金門縣金城鎮,
202,細1-31-6M,金門縣金城鎮,
202,細1-31-1-6M,金門縣金城鎮,
202,細1-76-6M,金門縣金城鎮,
205,細1-244-4M,金門縣金城鎮,
205,細1-209-4M,金門縣金城鎮,
207,Ⅲ-11-15M,金門縣金湖鎮,
207,細2-26-4M,金門縣金湖鎮,
207,Ⅲ-11-15M,金門縣金湖鎮,市港路
209,主計未編號9-10M,金門縣金城鎮,
209,主計未編號1-1-17,金門縣金城鎮,浯江北堤路
209,細1-31-1-6M,金門縣金城鎮,
209,Ⅰ－1－30M,金門縣金城鎮,環島西路一段
209,Ⅱ－2－18M,金門縣金城鎮,民生路
210,,金門縣金寧鄉,桃園路
211,,金門縣金湖鎮,伯玉路三段
211,,金門縣金寧鄉,伯玉路三段
211,,金門縣金湖鎮,伯玉路四段
211,,金門縣金湖鎮,環島北路二段
213,,金門縣金湖鎮,環島南路五段
214,,金門縣金湖鎮,環島南路五段
214,,金門縣金湖鎮,環島南路五段
215,,金門縣金湖鎮,環島南路四段
215,,金門縣金湖鎮,環島南路四段
216,細1-40-2-6M,金門縣金城鎮,
217,細1-200-4M,金門縣金城鎮,
217,細1-203-4M,金門縣金城鎮,
217,細1-201-4M,金門縣金城鎮,
219,Ⅲ-11-15M,金門縣金湖鎮,太湖路二段
221,細1-229-4M,金門縣金城鎮,
222,細1-20-7M,金門縣金城鎮,
222,Ⅱ－2－18M,金門縣金城鎮,民生路
223,,金門縣金城鎮,
224,,金門縣金沙鎮,環島北路三段
225,,金門縣金沙鎮,蘭陽路
227,,金門縣烈嶼鄉,九井路
229,,金門縣金寧鄉,頂林路
230,,金門縣金湖鎮,環島南路五段
232,,金門縣金寧鄉,慈湖路二段
235,主計未編號46-9M,金門縣金城鎮,
235,主計未編號22-9M,金門縣金城鎮,
236,,金門縣金城鎮,西海路三段
237,,金門縣金城鎮,西海路二段
238,,金門縣金寧鄉,林湖路
239,主計未編號2-12M,金門縣金城鎮,光前路
240,,金門縣金寧鄉,林堡路
241,主計未編號12-10M,金門縣金城鎮,
242,主計未編號3-2-12,金門縣金城鎮,
243,,金門縣金沙鎮,環島北路四段
245,,金門縣金湖鎮,環島南路五段
249,,金門縣金湖鎮,太湖路一段
250,Ⅱ－3－18M,金門縣金城鎮,民權路
251,,金門縣金湖鎮,瓊徑路
251,,金門縣金湖鎮,伯玉路四段
252,細1-196-4M,金門縣金城鎮,
254,,金門縣金城鎮,西海路三段
254,,金門縣金城鎮,賢城路
254,,金門縣金城鎮,賢城路
254,,金門縣金城鎮,環島西路一段
255,細1-138-4M,金門縣金城鎮,
255,主計未編號26-8M,金門縣金城鎮,
256,,金門縣金湖鎮,環島東路四段
256,,金門縣金湖鎮,環島東路五段
256,,金門縣金湖鎮,環島東路五段
256,,金門縣金湖鎮,環島東路五段
257,,金門縣金沙鎮,
258,,金門縣金沙鎮,
260,,金門縣金寧鄉,頂林路
260,,金門縣金寧鄉,頂林路
260,,金門縣金寧鄉,瓊安路
260,,金門縣金寧鄉,頂林路
261,Ⅱ－3－10M,金門縣金城鎮,民族路
262,,金門縣金湖鎮,環島東路五段
262,,金門縣金湖鎮,環島東路五段
262,,金門縣金湖鎮,太湖路三段
267,,金門縣金湖鎮,環島南路三段
268,,金門縣金寧鄉,慈湖路二段
269,,金門縣金沙鎮,光華路一段
270,I-4-30M,金門縣金沙鎮,沙青路
271,主計未編號1-17M,金門縣金城鎮,
271,主計未編號7-10M,金門縣金城鎮,民權路
272,I-4-30M,金門縣金沙鎮,沙青路
275,,金門縣金寧鄉,環島西路二段
276,,金門縣金寧鄉,環島西路二段
277,,金門縣金寧鄉,環島西路二段
279,Ⅲ-11-15M,金門縣金湖鎮,
280,細1-185-4M,金門縣金城鎮,
281,細1-229-4M,金門縣金城鎮,
283,Ⅱ-14-12M,金門縣金湖鎮,黃海路
284,Ⅱ-14-12M,金門縣金湖鎮,黃海路
284,細2-10-7M,金門縣金湖鎮,
285,,金門縣金寧鄉,慈湖路三段
287,細1-110-4M,金門縣金城鎮,
287,細1-115-4M,金門縣金城鎮,
287,細1-272-4M,金門縣金城鎮,
289,,金門縣烈嶼鄉,湖埔路
290,Ⅲ-11-15M,金門縣金湖鎮,
291,Ⅲ-11-15M,金門縣金湖鎮,太湖路二段
292,,金門縣金沙鎮,沙青路
292,,金門縣金沙鎮,沙青路
292,,金門縣金沙鎮,沙青路
292,,金門縣金沙鎮,光華路二段
293,,金門縣金湖鎮,環島北路三段
297,細1-26-1-8M,金門縣金城鎮,
297,Ⅱ－1－18M,金門縣金城鎮,民權路
298,細1-26-1-8M,金門縣金城鎮,
298,Ⅰ－5－30M,金門縣金城鎮,環島西路二段
298,細1-22-8M,金門縣金城鎮,
298,細1-26-8M,金門縣金城鎮,
298,Ⅱ－1－18M,金門縣金城鎮,民權路
300,,金門縣金湖鎮,瓊徑路
300,,金門縣金湖鎮,瓊徑路
300,,金門縣金湖鎮,瓊徑路
301,Ⅱ－3－10M,金門縣金城鎮,民族路
301,主計未編號22-1-9,金門縣金城鎮,
302,細1-251-4M,金門縣金城鎮,
302,Ⅱ－3－18M,金門縣金城鎮,民權路
304,細2-14-7M,金門縣金湖鎮,
304,主計未編號07-1-9,金門縣金湖鎮,復興路
305,,金門縣金寧鄉,
309,,金門縣金寧鄉,頂林路
310,,金門縣金城鎮,金山路
310,,金門縣金城鎮,金山路
312,,金門縣金城鎮,珠水路
314,,金門縣金沙鎮,沙青路
314,,金門縣金沙鎮,沙青路
314,,金門縣金沙鎮,光華路二段
316,,金門縣金沙鎮,蘭陽路
317,主計未編號14-10M,金門縣金城鎮,
317,主計未編號12-10M,金門縣金城鎮,
317,細1-147-4M,金門縣金城鎮,
317,細1-148-4M,金門縣金城鎮,
317,主計未編號14-1-1,金門縣金城鎮,
318,主計未編號24-9M,金門縣金城鎮,
318,主計未編號1-17M,金門縣金城鎮,
319,,金門縣金湖鎮,
320,,金門縣金城鎮,金山路
321,細1-41-6M,金門縣金城鎮,
325,,金門縣金寧鄉,環島北路一段
325,,金門縣金寧鄉,頂林路
326,主計未編號10-10M,金門縣金城鎮,
326,主計未編號24-9M,金門縣金城鎮,
326,主計未編號7-10M,金門縣金城鎮,民權路
332,,金門縣金寧鄉,
336,,金門縣金沙鎮,
338,,金門縣金寧鄉,頂林路
340,主計未編號07-1-9,金門縣金湖鎮,復興路一段
342,主計未編號27-8M,金門縣金城鎮,
342,主計未編號26-8M,金門縣金城鎮,
344,,金門縣金寧鄉,環島北路二段
344,,金門縣金寧鄉,環島北路二段
346,,金門縣金城鎮,環島北路一段
346,,金門縣金寧鄉,環島北路一段
347,,金門縣金城鎮,金山路
348,主計未編號16-10M,金門縣金城鎮,
350,Ⅱ-14-12M,金門縣金湖鎮,黃海路
350,Ⅲ-11-15M,金門縣金湖鎮,太湖路二段
350,Ⅲ-11-15M,金門縣金湖鎮,太湖路一段
350,,金門縣金湖鎮,太湖路一段
351,,金門縣金寧鄉,慈湖路三段
351,,金門縣金寧鄉,寧湖路
352,主計未編號32-1-7,金門縣金城鎮,
352,細1-89-4M,金門縣金城鎮,
352,細1-81-4M,金門縣金城鎮,
352,細1-87-4M,金門縣金城鎮,
352,細1-84-4M,金門縣金城鎮,
352,細1-83-4M,金門縣金城鎮,
352,細1-82-4M,金門縣金城鎮,
352,細1-88-4M,金門縣金城鎮,
352,主計未編號1-17M,金門縣金城鎮,
352,主計未編號11-10M,金門縣金城鎮,
352,主計未編號2-12M,金門縣金城鎮,光前路
352,主計未編號29-1-8,金門縣金城鎮,
352,細1-90-4M,金門縣金城鎮,
352,細1-86-4M,金門縣金城鎮,
352,細1-85-4M,金門縣金城鎮,
352,主計未編號29-8M,金門縣金城鎮,
352,細1-80-4M,金門縣金城鎮,
352,細1-113-4M,金門縣金城鎮,
352,主計未編號32-7M,金門縣金城鎮,
353,,金門縣金寧鄉,
353,,金門縣金寧鄉,環島北路二段
353,,金門縣金寧鄉,環島北路二段
357,,金門縣金寧鄉,慈湖路二段
358,細1-149-4M,金門縣金城鎮,
358,主計未編號12-10M,金門縣金城鎮,
361,,金門縣金湖鎮,環島南路三段
361,,金門縣金湖鎮,環島南路四段
361,,金門縣金湖鎮,經武路
361,,金門縣金湖鎮,環島南路三段
361,,金門縣金湖鎮,瓊徑路
361,,金門縣金湖鎮,瓊徑路
361,,金門縣金湖鎮,瓊徑路
362,Ⅱ－3－10M,金門縣金城鎮,民族路
362,主計未編號1-1-17,金門縣金城鎮,浯江北堤路
362,細1-28-7M,金門縣金城鎮,
362,細1-252-4M,金門縣金城鎮,
362,主計未編號31-5M,金門縣金城鎮,
362,細1-75-6M,金門縣金城鎮,
362,細1-31-6M,金門縣金城鎮,
362,細1-31-1-6M,金門縣金城鎮,
362,Ⅰ－1－30M,金門縣金城鎮,環島西路一段
362,細1-76-6M,金門縣金城鎮,
363,,金門縣金湖鎮,瓊徑路
363,,金門縣金湖鎮,瓊徑路
363,,金門縣金湖鎮,環島北路三段
363,,金門縣金湖鎮,伯玉路四段
365,,金門縣金寧鄉,伯玉路一段
366,細1-22-8M,金門縣金城鎮,
366,主計未編號3-12M,金門縣金城鎮,
366,主計未編號26-8M,金門縣金城鎮,
369,,金門縣金湖鎮,四維路
370,主計未編號14-10M,金門縣金城鎮,
370,主計未編號12-10M,金門縣金城鎮,
370,主計未編號41-8M,金門縣金城鎮,
370,主計未編號14-1-1,金門縣金城鎮,
371,,金門縣金城鎮,環島西路一段
372,Ⅱ－3－18M,金門縣金城鎮,民權路
373,,金門縣金城鎮,西海路一段
374,Ⅲ-11-15M,金門縣金湖鎮,太湖路二段
375,,金門縣金湖鎮,環島東路四段
376,,金門縣金沙鎮,環島東路一段
377,Ⅱ－3－18M,金門縣金城鎮,民權路
378,,金門縣金湖鎮,環島南路四段
379,,金門縣金湖鎮,環島南路五段
383,,金門縣金沙鎮,埔華路
384,主計未編號20-6M,金門縣金沙鎮,
385,,金門縣金寧鄉,環島西路二段
386,,金門縣金湖鎮,士校路
387,,金門縣金城鎮,環島北路一段
387,,金門縣金寧鄉,環島北路一段
388,主計未編號09-9M,金門縣金湖鎮,自強路
388,Ⅲ-11-15M,金門縣金湖鎮,太湖路二段
389,Ⅲ-11-15M,金門縣金湖鎮,太湖路二段
389,細2-15-7M,金門縣金湖鎮,士校路
389,細2-35-7M,金門縣金湖鎮,士校路
389,Ⅲ-11-15M,金門縣金湖鎮,士校路
389,,金門縣金湖鎮,環島南路五段
390,,金門縣金城鎮,金山路
391,主計未編號22-8M,金門縣金湖鎮,復興路
391,主計未編號07-1-9,金門縣金湖鎮,林森路
392,,金門縣金湖鎮,
393,主計未編號14-8M,金門縣金湖鎮,
395,,金門縣烈嶼鄉,九井路
397,,金門縣金湖鎮,環島南路三段
400,,金門縣金城鎮,
400,,金門縣金城鎮,金山路
400,,金門縣金城鎮,金山路
400,,金門縣金城鎮,環島南路一段
400,,金門縣金城鎮,
400,,金門縣金城鎮,金山路
400,,金門縣金城鎮,環島南路一段
400,,金門縣金城鎮,金山路
401,,金門縣金城鎮,西海路二段
401,,金門縣金城鎮,西海路三段
401,,金門縣金城鎮,西海路三段
401,,金門縣金城鎮,延平路
403,,金門縣金沙鎮,大山路
403,,金門縣金沙鎮,陽沙路
404,細1-35-6M,金門縣金城鎮,
404,細1-35-1-5M,金門縣金城鎮,
404,主計未編號47-4M,金門縣金城鎮,
404,主計未編號48-4M,金門縣金城鎮,
404,主計未編號40-6M,金門縣金城鎮,
405,細1-27-7M,金門縣金城鎮,
405,主計未編號34-6M,金門縣金城鎮,
406,主計未編號22-9M,金門縣金城鎮,
406,主計未編號49-4M,金門縣金城鎮,
408,,金門縣金寧鄉,桃園路
409,,金門縣金寧鄉,桃園路
410,,金門縣金城鎮,西海路二段
414,Ⅰ－5－30M,金門縣金城鎮,環島西路二段
414,主計未編號27-8M,金門縣金城鎮,
415,,金門縣金寧鄉,伯玉路二段
417,,金門縣金城鎮,西海路三段
419,,金門縣金寧鄉,林湖路
420,,金門縣金城鎮,延平路
421,,金門縣金寧鄉,
423,,金門縣金沙鎮,環島北路四段
423,I-4-30M,金門縣金沙鎮,環島北路四段
424,,金門縣金寧鄉,伯玉路一段
425,,金門縣金城鎮,環島北路一段
426,,金門縣金寧鄉,頂林路
427,,金門縣金寧鄉,頂林路
427,,金門縣金寧鄉,瓊安路
427,,金門縣金寧鄉,頂林路
429,,金門縣金湖鎮,金港路
430,主計未編號27-8M,金門縣金城鎮,
430,主計未編號26-8M,金門縣金城鎮,
433,,金門縣金寧鄉,林湖路
434,,金門縣金城鎮,西海路三段
434,,金門縣金城鎮,西海路三段
435,細1-101-4M,金門縣金城鎮,
435,主計未編號11-10M,金門縣金城鎮,
435,主計未編號2-12M,金門縣金城鎮,光前路
435,主計未編號29-1-8,金門縣金城鎮,
435,主計未編號29-8M,金門縣金城鎮,
437,Ⅱ－2－18M,金門縣金城鎮,民生路
438,主計未編號5-10M,金門縣金城鎮,
440,,金門縣金湖鎮,金港路
441,主計未編號1-17M,金門縣金城鎮,
441,主計未編號7-10M,金門縣金城鎮,民權路
442,,金門縣金城鎮,環島西路一段
443,主計未編號07-1-9,金門縣金湖鎮,復興路
444,,金門縣金湖鎮,環島南路四段
444,,金門縣金湖鎮,環島南路四段
444,,金門縣金湖鎮,環島南路五段
446,Ⅱ-14-12M,金門縣金湖鎮,黃海路
448,,金門縣金沙鎮,光華路一段
449,,金門縣金寧鄉,林堡路
451,,金門縣金湖鎮,中正路
453,Ⅰ－1－30M,金門縣金城鎮,伯玉路一段
453,,金門縣金寧鄉,伯玉路一段
453,,金門縣金寧鄉,伯玉路一段
455,,金門縣金寧鄉,林堡路
456,,金門縣金湖鎮,
456,,金門縣金城鎮,金山路
456,,金門縣金城鎮,環島西路一段
456,Ⅰ－1－30M,金門縣金城鎮,環島西路一段
459,,金門縣金湖鎮,伯玉路三段
460,,金門縣金湖鎮,環島南路三段
462,,金門縣金城鎮,珠水路
462,,金門縣金城鎮,
463,,金門縣金沙鎮,
466,,金門縣金沙鎮,
466,,金門縣金沙鎮,
466,,金門縣金沙鎮,
466,,金門縣金沙鎮,
466,,金門縣金沙鎮,環島北路三段
466,,金門縣金沙鎮,環島北路四段
466,,金門縣金沙鎮,
466,,金門縣金沙鎮,蘭陽路
466,,金門縣金沙鎮,蘭陽路
466,,金門縣金沙鎮,蘭陽路
468,,金門縣金湖鎮,環島南路五段
469,細1-71-6M,金門縣金城鎮,
469,主計未編號1-1-17,金門縣金城鎮,浯江北堤路
470,Ⅲ-11-15M,金門縣金湖鎮,
472,,金門縣金沙鎮,環島北路三段
473,,金門縣金湖鎮,
473,,金門縣金湖鎮,自強路
473,,金門縣金湖鎮,中興路
474,,金門縣金沙鎮,大山路
476,,金門縣金寧鄉,環島西路二段
478,,金門縣金沙鎮,陽沙路
480,,金門縣金沙鎮,
482,細1-22-8M,金門縣金城鎮,
482,細1-41-6M,金門縣金城鎮,
482,細1-40-1-6M,金門縣金城鎮,
482,細1-40-2-6M,金門縣金城鎮,
484,,金門縣金寧鄉,頂林路
484,,金門縣金寧鄉,瓊安路
485,,金門縣金城鎮,延平路
486,,金門縣金寧鄉,林堡路
488,Ⅰ－5－30M,金門縣金城鎮,環島西路二段
489,,金門縣金寧鄉,環島西路二段
491,,金門縣金沙鎮,光華路一段
493,,金門縣金城鎮,延平路
496,,金門縣金湖鎮,環島北路二段
496,,金門縣金湖鎮,環島北路三段
496,,金門縣金湖鎮,瓊安路
497,細一-18m,金門縣金湖鎮,三多路
497,,金門縣金湖鎮,環島南路五段
497,,金門縣金湖鎮,環島東路五段
498,,金門縣金沙鎮,環島東路一段
498,,金門縣金沙鎮,陽沙路
498,,金門縣金沙鎮,環島東路二段
499,,金門縣金沙鎮,環島北路三段
500,,金門縣烈嶼鄉,八青路
500,,金門縣烈嶼鄉,九井路
500,,金門縣烈嶼鄉,九井路
501,Ⅲ-11-15M,金門縣金湖鎮,太湖路二段
501,細2-34-10M,金門縣金湖鎮,
502,,金門縣金寧鄉,頂林路
506,,金門縣金沙鎮,
507,,金門縣金湖鎮,瓊徑路
508,主計未編號8-1-10,金門縣金城鎮,
510,,金門縣金城鎮,金山路
511,,金門縣金沙鎮,
511,,金門縣金沙鎮,蘭陽路
512,,金門縣金沙鎮,蘭陽路
513,細3-4-8M,金門縣金沙鎮,
513,,金門縣金沙鎮,
513,細3-44-5M,金門縣金沙鎮,
513,細3-42-5M,金門縣金沙鎮,
513,,金門縣金沙鎮,
513,細3-43-5M,金門縣金沙鎮,
513,主計未編號5-8M,金門縣金沙鎮,
513,,金門縣金沙鎮,
513,,金門縣金沙鎮,
513,細3-34-5M,金門縣金沙鎮,
513,細3-32-5M,金門縣金沙鎮,
513,細3-11-5M,金門縣金沙鎮,
513,,金門縣金沙鎮,
513,細3-33-5M,金門縣金沙鎮,
513,細3-30-5M,金門縣金沙鎮,
513,細3-13-5M,金門縣金沙鎮,
513,細3-8-8M,金門縣金沙鎮,
513,細3-31-5M,金門縣金沙鎮,
513,,金門縣金沙鎮,
513,細3-41-5M,金門縣金沙鎮,
513,細3-40-5M,金門縣金沙鎮,
513,細3-50-5M,金門縣金沙鎮,
513,細3-47-5M,金門縣金沙鎮,
513,細3-46-5M,金門縣金沙鎮,
513,細3-9-8M,金門縣金沙鎮,
513,細3-45-5M,金門縣金沙鎮,
513,細3-14-5M,金門縣金沙鎮,
513,細3-7-8M,金門縣金沙鎮,
513,主計未編號12-7M,金門縣金沙鎮,陽沙路
513,細3-6-8M,金門縣金沙鎮,
513,細3-37-5M,金門縣金沙鎮,
513,細3-36-5M,金門縣金沙鎮,
513,細3-35-5M,金門縣金沙鎮,
513,細3-10-5M,金門縣金沙鎮,
513,細3-39-5M,金門縣金沙鎮,
513,細3-12-5M,金門縣金沙鎮,
513,細3-38-5M,金門縣金沙鎮,
513,主計未編號16-6M,金門縣金沙鎮,
513,,金門縣金沙鎮,
513,主計未編號6-8M,金門縣金沙鎮,
513,,金門縣金沙鎮,
513,細3-49-5M,金門縣金沙鎮,
513,細3-48-5M,金門縣金沙鎮,
513,,金門縣金沙鎮,
513,,金門縣金沙鎮,
513,主計未編號17-6M,金門縣金沙鎮,
513,,金門縣金沙鎮,
513,,金門縣金沙鎮,
513,,金門縣金沙鎮,
513,,金門縣金沙鎮,
513,I-4-30M,金門縣金沙鎮,沙青路
513,細3-15-6M,金門縣金沙鎮,
514,,金門縣金沙鎮,
515,,金門縣金沙鎮,埔華路
516,,金門縣金沙鎮,埔華路
517,,金門縣金沙鎮,環島東路一段
518,主計未編號14-7M,金門縣金沙鎮,
521,,金門縣金沙鎮,光華路一段
521,,金門縣金沙鎮,光華路一段
521,,金門縣金沙鎮,光華路一段
521,,金門縣金沙鎮,
522,細1-22-8M,金門縣金城鎮,
524,細1-244-4M,金門縣金城鎮,
524,主計未編號6-10M,金門縣金城鎮,
524,細1-33-6M,金門縣金城鎮,
527,細3-4-8M,金門縣金沙鎮,
527,,金門縣金沙鎮,
527,細3-5-8M,金門縣金沙鎮,
527,主計未編號5-8M,金門縣金沙鎮,
527,主計未編號12-7M,金門縣金沙鎮,陽沙路
527,細3-6-8M,金門縣金沙鎮,
527,細3-1-8M,金門縣金沙鎮,
527,,金門縣金沙鎮,陽沙路
527,,金門縣金湖鎮,
528,,金門縣金沙鎮,
529,,金門縣金寧鄉,
530,,金門縣金湖鎮,環島南路四段
531,,金門縣金湖鎮,環島南路四段
531,,金門縣金湖鎮,環島南路四段
531,,金門縣金湖鎮,環島南路四段
531,,金門縣金湖鎮,公園路
532,,金門縣金湖鎮,環島南路三段
532,,金門縣金湖鎮,環島南路四段
532,,金門縣金湖鎮,環島南路三段
551,,金門縣金城鎮,環島北路一段
552,細1-1-17M,金門縣金城鎮,
552,Ⅰ－1－30M,金門縣金城鎮,環島西路一段
555,,金門縣金城鎮,
556,,金門縣金寧鄉,環島西路二段
559,細1-191-4M,金門縣金城鎮,
559,主計未編號34-6M,金門縣金城鎮,
559,細1-190-4M,金門縣金城鎮,
560,細1-22-8M,金門縣金城鎮,
560,細1-40-1-6M,金門縣金城鎮,
560,細1-40-6M,金門縣金城鎮,
561,,金門縣金寧鄉,環島西路二段
562,,金門縣金沙鎮,光華路一段
562,,金門縣金沙鎮,陽沙路
563,,金門縣金寧鄉,頂林路
564,,金門縣金沙鎮,光華路一段
566,Ⅰ－5－30M,金門縣金城鎮,環島西路二段
567,Ⅲ-11-15M,金門縣金湖鎮,太湖路二段
567,Ⅲ-11-15M,金門縣金湖鎮,太湖路二段
568,主計未編號07-1-9,金門縣金湖鎮,中正路
599,,金門縣金湖鎮,環島南路四段
600,主計未編號3-2-12,金門縣金城鎮,
617,,金門縣金寧鄉,瓊安路
618,細3-60-4M,金門縣金沙鎮,
618,主計未編號11-8M,金門縣金沙鎮,
619,,金門縣金城鎮,金山路
620,,金門縣金湖鎮,南機路
620,,金門縣金湖鎮,南機路
620,,金門縣金湖鎮,南機路
620,,金門縣金湖鎮,南機路
620,,金門縣金湖鎮,環島東路五段
620,,金門縣金湖鎮,南機路
621,Ⅲ-11-15M,金門縣金湖鎮,
622,,金門縣金寧鄉,環島北路二段
624,,金門縣金寧鄉,慈湖路一段
624,,金門縣金寧鄉,慈湖路一段
624,,金門縣金寧鄉,慈湖路二段
625,,金門縣金寧鄉,環島西路二段
626,,金門縣金寧鄉,頂林路
626,,金門縣金寧鄉,頂林路
626,,金門縣金寧鄉,瓊安路
626,,金門縣金寧鄉,瓊安路
626,,金門縣金寧鄉,頂林路
630,,金門縣金寧鄉,環島西路二段
631,,金門縣金城鎮,金山路
633,Ⅲ-11-15M,金門縣金湖鎮,
635,,金門縣金寧鄉,環島西路二段
636,Ⅲ-11-15M,金門縣金湖鎮,
637,主計未編號38-6M,金門縣金城鎮,
641,,金門縣金湖鎮,太湖路一段
642,,金門縣金城鎮,西海路三段
644,,金門縣烈嶼鄉,湖埔路
644,,金門縣烈嶼鄉,湖埔路
646,,金門縣金寧鄉,環島西路二段
647,主計未編號07-1-9,金門縣金湖鎮,復興路一段
647,主計未編號23-8M,金門縣金湖鎮,
653,,金門縣金寧鄉,林堡路
654,,金門縣金城鎮,環島北路一段
654,,金門縣金城鎮,環島北路一段
654,,金門縣金寧鄉,頂林路
654,,金門縣金寧鄉,環島北路一段
654,,金門縣金寧鄉,環島北路一段
654,,金門縣金寧鄉,堡山路
654,,金門縣金寧鄉,環島北路二段
654,,金門縣金寧鄉,頂林路
654,,金門縣金寧鄉,頂林路
654,,金門縣金寧鄉,頂林路
654,,金門縣金寧鄉,頂林路
657,Ⅲ-11-15M,金門縣金湖鎮,
658,主計未編號09-9M,金門縣金湖鎮,自強路
659,Ⅲ-11-15M,金門縣金湖鎮,太湖路二段
660,Ⅲ-11-15M,金門縣金湖鎮,太湖路二段
660,Ⅲ-11-15M,金門縣金湖鎮,
661,主計未編號28-5M,金門縣金湖鎮,
663,,金門縣金寧鄉,環島北路二段
663,,金門縣金寧鄉,環島北路二段
664,,金門縣金寧鄉,環島西路二段
666,,金門縣金寧鄉,桃園路
668,,金門縣金寧鄉,環島西路二段
669,,金門縣金寧鄉,頂林路
669,,金門縣金寧鄉,環島西路二段
670,,金門縣金寧鄉,環島西路二段
670,,金門縣金寧鄉,環島西路二段
670,,金門縣金寧鄉,環島西路二段
670,,金門縣金寧鄉,環島西路二段
670,,金門縣金寧鄉,環島西路二段
671,,金門縣金城鎮,金山路
674,,金門縣金湖鎮,環島南路五段
674,,金門縣金湖鎮,環島南路五段
674,,金門縣金湖鎮,金港路
676,主計未編號07-1-9,金門縣金湖鎮,復興路
676,,金門縣金湖鎮,
677,Ⅱ-14-12M,金門縣金湖鎮,黃海路
677,Ⅲ-11-15M,金門縣金湖鎮,太湖路一段
677,,金門縣金湖鎮,太湖路一段
683,主計未編號12-10M,金門縣金城鎮,
683,細1-150-4M,金門縣金城鎮,
684,主計未編號41-8M,金門縣金城鎮,
684,細1-150-4M,金門縣金城鎮,
686,細1-12-10M,金門縣金城鎮,
686,Ⅰ－1－30M,金門縣金城鎮,伯玉路一段
687,細1-57-4M,金門縣金城鎮,
687,主計未編號22-1-9,金門縣金城鎮,
689,,金門縣金沙鎮,環島北路四段
689,I-4-30M,金門縣金沙鎮,環島北路四段
691,,金門縣金湖鎮,
692,,金門縣金寧鄉,環島西路二段
692,,金門縣金寧鄉,環島西路二段
692,,金門縣金寧鄉,環島西路二段
692,,金門縣金寧鄉,瓊安路
693,Ⅱ－3－18M,金門縣金城鎮,民權路
693,主計未編號22-9M,金門縣金城鎮,
694,,金門縣金城鎮,環島北路一段
694,Ⅰ－5－30M,金門縣金城鎮,環島西路二段
694,Ⅱ－1－18M,金門縣金城鎮,民權路
695,,金門縣金湖鎮,環島東路二段
696,,金門縣金沙鎮,陽沙路
696,,金門縣金沙鎮,陽沙路
698,,金門縣金湖鎮,瓊徑路
698,,金門縣金湖鎮,環島北路三段
699,,金門縣金寧鄉,環島北路二段
700,,金門縣金寧鄉,慈湖路三段
700,,金門縣金寧鄉,
701,,金門縣金城鎮,西海路三段
702,主計未編號8-8M,金門縣金沙鎮,
703,,金門縣金沙鎮,光華路一段
705,主計未編號20-10M,金門縣金城鎮,
709,Ⅱ－1－18M,金門縣金城鎮,民權路
709,Ⅱ－2－18M,金門縣金城鎮,民生路
709,Ⅱ－3－18M,金門縣金城鎮,民權路
710,Ⅱ－3－10M,金門縣金城鎮,民族路
710,細1-249-4M,金門縣金城鎮,
710,細1-251-4M,金門縣金城鎮,
710,Ⅱ－3－18M,金門縣金城鎮,民權路
710,主計未編號29-8M,金門縣金城鎮,
711,Ⅱ－3－18M,金門縣金城鎮,民權路
712,,金門縣金寧鄉,桃園路
715,,金門縣金城鎮,1-1
716,,金門縣金城鎮,珠水路
716,,金門縣金城鎮,珠水路
717,主計未編號07-1-9,金門縣金湖鎮,中正路
720,,金門縣金城鎮,珠水路
722,,金門縣金城鎮,珠水路
722,,金門縣金城鎮,珠水路
722,,金門縣金城鎮,珠水路
723,,金門縣金城鎮,珠水路
723,,金門縣金城鎮,珠水路
723,,金門縣金城鎮,珠水路
728,,金門縣金沙鎮,
728,,金門縣金沙鎮,高陽路
728,,金門縣金沙鎮,
728,,金門縣金沙鎮,埔華路
728,,金門縣金沙鎮,
728,,金門縣金湖鎮,環島東路三段
731,,金門縣金城鎮,金山路
733,細2-9-8M,金門縣金湖鎮,
733,主計未編號09-9M,金門縣金湖鎮,自強路
734,主計未編號1-17M,金門縣金城鎮,
736,,金門縣金城鎮,延平路
736,,金門縣金城鎮,西海路三段
736,主計未編號1-17M,金門縣金城鎮,
736,Ⅱ－4－25M,金門縣金城鎮,西海路三段
740,Ⅱ－3－10M,金門縣金城鎮,民族路
740,細1-68-6M,金門縣金城鎮,
740,主計未編號1-1-17,金門縣金城鎮,浯江北堤路
740,細1-32-6M,金門縣金城鎮,
740,,金門縣金城鎮,環島西路一段
740,Ⅰ－1－30M,金門縣金城鎮,環島西路一段
741,,金門縣金寧鄉,環島南路一段
742,主計未編號07-1-9,金門縣金湖鎮,復興路一段
742,Ⅲ-11-15M,金門縣金湖鎮,
742,主計未編號07-1-9,金門縣金湖鎮,復興路
745,,金門縣金寧鄉,環島西路二段
745,,金門縣金寧鄉,環島西路二段
745,,金門縣金寧鄉,環島西路二段
752,,金門縣烈嶼鄉,
752,,金門縣烈嶼鄉,八青路
753,,金門縣金湖鎮,環島南路三段
754,,金門縣金城鎮,珠水路
755,,金門縣金城鎮,環島西路一段
768,,金門縣金湖鎮,
768,,金門縣金湖鎮,環島南路三段
768,,金門縣金湖鎮,環島南路四段
768,,金門縣金湖鎮,環島南路四段
768,,金門縣金湖鎮,環島南路三段
768,,金門縣金湖鎮,瓊徑路
768,,金門縣金湖鎮,環島南路四段
768,,金門縣金湖鎮,公園路
770,,金門縣金寧鄉,慈湖路三段
770,,金門縣金寧鄉,
779,,金門縣金寧鄉,環島西路二段
779,,金門縣金寧鄉,瓊安路
780,,金門縣金寧鄉,盤果路
782,Ⅲ-11-15M,金門縣金湖鎮,太湖路二段
782,細2-15-7M,金門縣金湖鎮,士校路
782,主計未編號08-9M,金門縣金湖鎮,士校路
782,Ⅲ-11-15M,金門縣金湖鎮,太湖路三段
782,細五-12m,金門縣金湖鎮,
782,,金門縣金湖鎮,太湖路三段
782,,金門縣金湖鎮,南機路
782,,金門縣金湖鎮,三多路
782,細十-12m,金門縣金湖鎮,
782,細十-12m,金門縣金湖鎮,
782,細一-18m,金門縣金湖鎮,三多路
782,,金門縣金湖鎮,環島南路五段
782,,金門縣金湖鎮,太湖路三段
782,,金門縣金湖鎮,環島南路五段
782,細四-12m,金門縣金湖鎮,
782,細三-12m,金門縣金湖鎮,
782,細二-12m,金門縣金湖鎮,
782,,金門縣金湖鎮,太湖路三段
782,細十二-12m,金門縣金湖鎮,
782,細十一-12m,金門縣金湖鎮,
782,細六-12m,金門縣金湖鎮,
782,細七-12m,金門縣金湖鎮,
782,細八-12m,金門縣金湖鎮,
782,細九-12m,金門縣金湖鎮,
783,,金門縣金湖鎮,自強路
783,主計未編號07-1-9,金門縣金湖鎮,復興路
784,,金門縣金城鎮,珠水路
786,Ⅲ-11-15M,金門縣金湖鎮,市港路
789,Ⅱ－3－10M,金門縣金城鎮,民族路
789,主計未編號56-4M,金門縣金城鎮,
789,細1-71-6M,金門縣金城鎮,
789,細1-72-6M,金門縣金城鎮,
789,Ⅱ－4－25M,金門縣金城鎮,西海路三段
789,主計未編號28-6M,金門縣金城鎮,
789,主計未編號23-9M,金門縣金城鎮,
789,主計未編號22-1-9,金門縣金城鎮,
789,主計未編號5-10M,金門縣金城鎮,
789,細1-247-4M,金門縣金城鎮,
789,Ⅱ－3－18M,金門縣金城鎮,民權路
790,Ⅲ-11-15M,金門縣金湖鎮,
796,,金門縣金沙鎮,環島北路三段
796,,金門縣金沙鎮,高陽路
799,細1-3-10M,金門縣金城鎮,桃園路
799,細1-1-17M,金門縣金城鎮,
799,,金門縣金寧鄉,桃園路
799,,金門縣金城鎮,桃園路
799,,金門縣金城鎮,桃園路
799,細1-13-10M,金門縣金寧鄉,
799,細1-3-10M,金門縣金城鎮,
802,,金門縣金湖鎮,
802,,金門縣金湖鎮,環島南路三段
802,,金門縣金湖鎮,環島南路四段
802,,金門縣金湖鎮,環島南路三段
804,,金門縣金沙鎮,高陽路
805,主計未編號32-1-7,金門縣金城鎮,
805,主計未編號11-10M,金門縣金城鎮,
806,,金門縣金城鎮,
806,,金門縣金城鎮,金山路
806,,金門縣金城鎮,金山路
808,主計未編號1-17M,金門縣金城鎮,
808,主計未編號1-1-17,金門縣金城鎮,浯江北堤路
808,Ⅱ－4－25M,金門縣金城鎮,西海路三段
813,,金門縣金城鎮,珠水路
814,,金門縣金城鎮,金山路
814,,金門縣金城鎮,金山路
816,細1-229-4M,金門縣金城鎮,
816,細1-30-6M,金門縣金城鎮,
817,,金門縣金城鎮,珠水路
819,Ⅱ－3－10M,金門縣金城鎮,民族路
820,,金門縣金湖鎮,環島南路四段
820,,金門縣金湖鎮,公園路
823,主計未編號1-1-17,金門縣金城鎮,浯江北堤路
823,Ⅰ－1－30M,金門縣金城鎮,環島西路一段
823,Ⅰ－1－30M,金門縣金城鎮,伯玉路一段
825,,金門縣金城鎮,金山路
825,,金門縣金城鎮,金山路
826,,金門縣金城鎮,1-1
827,,金門縣金沙鎮,陽沙路
827,,金門縣金沙鎮,陽沙路
827,,金門縣金沙鎮,陽沙路
828,,金門縣金寧鄉,環島南路二段
829,主計未編號30-7M,金門縣金城鎮,珠浦北路
831,細1-22-8M,金門縣金城鎮,
833,,金門縣金寧鄉,環島西路二段
834,,金門縣金城鎮,西海路一段
838,,金門縣金湖鎮,環島北路三段
840,Ⅲ-11-15M,金門縣金湖鎮,
841,Ⅲ-11-15M,金門縣金湖鎮,
843,Ⅲ-11-15M,金門縣金湖鎮,
845,,金門縣金城鎮,
846,,金門縣金寧鄉,堡山路
847,,金門縣金沙鎮,光華路二段
848,,金門縣金沙鎮,大山路
849,,金門縣金沙鎮,
849,I-3-30M,金門縣金沙鎮,
849,,金門縣金沙鎮,環島東路一段
849,,金門縣金沙鎮,環島北路四段
849,,金門縣金沙鎮,光華路一段
849,,金門縣金沙鎮,陽沙路
849,,金門縣金沙鎮,陽沙路
850,,金門縣金寧鄉,堡山路
852,,金門縣金寧鄉,堡山路
853,,金門縣金城鎮,環島西路一段
854,,金門縣金寧鄉,瓊安路
855,I-3-30M,金門縣金沙鎮,
855,主計未編號3-9M,金門縣金沙鎮,環島東路一段
855,,金門縣金沙鎮,環島東路一段
855,I-3-30M,金門縣金沙鎮,環島東路一段
856,,金門縣金沙鎮,光華路一段
856,,金門縣金沙鎮,陽沙路
856,,金門縣金沙鎮,陽沙路
856,,金門縣金沙鎮,陽沙路
857,,金門縣金沙鎮,光華路一段
859,,金門縣金寧鄉,頂林路
859,,金門縣金寧鄉,瓊安路
859,,金門縣金寧鄉,
859,,金門縣金寧鄉,
859,,金門縣金寧鄉,
862,,金門縣金城鎮,泰仰路
862,,金門縣金城鎮,環島西路一段
862,,金門縣金城鎮,環島西路一段
862,,金門縣金城鎮,環島西路一段
862,,金門縣金城鎮,環島西路一段
862,,金門縣金城鎮,環島西路一段
862,Ⅰ－1－30M,金門縣金城鎮,環島西路一段
864,,金門縣金寧鄉,瓊安路
865,,金門縣金寧鄉,頂林路
865,,金門縣金寧鄉,瓊安路
865,,金門縣金寧鄉,瓊安路
865,,金門縣金寧鄉,頂林路
867,,金門縣金寧鄉,頂林路
868,Ⅲ-11-15M,金門縣金湖鎮,太湖路二段
868,細2-15-7M,金門縣金湖鎮,士校路
868,主計未編號08-9M,金門縣金湖鎮,士校路
868,Ⅲ-11-15M,金門縣金湖鎮,太湖路三段
868,,金門縣金湖鎮,太湖路三段
868,細一-18m,金門縣金湖鎮,三多路
868,,金門縣金湖鎮,太湖路三段
869,Ⅱ－3－10M,金門縣金城鎮,民族路
869,細1-32-6M,金門縣金城鎮,
870,,金門縣金湖鎮,公園路
871,,金門縣金湖鎮,環島南路三段
871,,金門縣金湖鎮,環島南路三段
872,,金門縣金寧鄉,盤果路
873,主計未編號1-1-17,金門縣金城鎮,浯江北堤路
873,Ⅱ－3－18M,金門縣金城鎮,民權路
874,,金門縣金湖鎮,
874,,金門縣金城鎮,桃園路
874,,金門縣金寧鄉,伯玉路一段
876,,金門縣金城鎮,珠水路
877,,金門縣金城鎮,賢城路
878,,金門縣金城鎮,環島西路一段
878,,金門縣金城鎮,賢城路
882,,金門縣金寧鄉,林堡路
882,,金門縣金寧鄉,林堡路
882,,金門縣金寧鄉,林堡路
882,,金門縣金寧鄉,伯玉路一段
883,,金門縣金寧鄉,林湖路
883,,金門縣金寧鄉,林湖路
884,,金門縣金沙鎮,2-22
885,,金門縣金湖鎮,環島南路三段
885,,金門縣金湖鎮,環島南路四段
885,,金門縣金湖鎮,瓊徑路
885,,金門縣金湖鎮,瓊徑路
885,,金門縣金湖鎮,公園路
886,,金門縣金寧鄉,林湖路
888,,金門縣金湖鎮,瓊徑路
889,主計未編號1-17M,金門縣金城鎮,
890,,金門縣金城鎮,環島北路一段
892,Ⅲ-11-15M,金門縣金湖鎮,
893,,金門縣金沙鎮,大山路
894,,金門縣金沙鎮,環島東路一段
894,,金門縣金沙鎮,光華路一段
895,,金門縣金沙鎮,環島北路四段
895,I-3-30M,金門縣金沙鎮,
895,,金門縣金湖鎮,
896,,金門縣金沙鎮,
896,,金門縣金沙鎮,
896,,金門縣金沙鎮,
896,,金門縣金沙鎮,環島北路四段
898,,金門縣金湖鎮,環島北路三段
898,,金門縣金沙鎮,環島北路三段
899,,金門縣金寧鄉,環島北路二段
900,Ⅲ-11-15M,金門縣金湖鎮,太湖路一段
900,,金門縣金湖鎮,太湖路一段
901,,金門縣金城鎮,西海路三段
901,,金門縣金城鎮,延平路
903,,金門縣烈嶼鄉,湖埔路
904,Ⅲ-11-15M,金門縣金湖鎮,太湖路二段
904,細2-15-7M,金門縣金湖鎮,士校路
904,主計未編號09-9M,金門縣金湖鎮,自強路
904,細2-34-10M,金門縣金湖鎮,
904,細1-149-4M,金門縣金城鎮,
904,主計未編號12-10M,金門縣金城鎮,
904,細1-152-4M,金門縣金城鎮,
905,細1-22-8M,金門縣金城鎮,
908,,金門縣金寧鄉,慈湖路三段
909,細1-34-6M,金門縣金城鎮,
911,,金門縣金湖鎮,四維路
913,,金門縣金湖鎮,環島北路二段
913,,金門縣金湖鎮,環島北路三段
915,主計未編號34-6M,金門縣金城鎮,
916,Ⅲ-11-15M,金門縣金湖鎮,太湖路二段
917,,金門縣金寧鄉,東湖路
918,,金門縣金城鎮,西海路二段
918,,金門縣金城鎮,西海路三段
918,,金門縣金城鎮,西海路三段
919,主計未編號07-1-9,金門縣金湖鎮,復興路一段
919,主計未編號07-1-9,金門縣金湖鎮,復興路
920,,金門縣金湖鎮,環島北路二段
921,,金門縣金城鎮,環島西路一段
921,,金門縣金城鎮,環島南路一段
921,,金門縣金城鎮,環島西路一段
921,,金門縣金城鎮,環島西路一段
921,,金門縣金城鎮,環島南路一段
922,,金門縣金湖鎮,環島北路二段
923,主計未編號7-10M,金門縣金城鎮,民權路
923,Ⅱ－3－18M,金門縣金城鎮,民權路
924,細3-5-8M,金門縣金沙鎮,
924,主計未編號12-7M,金門縣金沙鎮,陽沙路
924,,金門縣金湖鎮,
925,Ⅲ-11-15M,金門縣金湖鎮,
925,Ⅲ-11-15M,金門縣金湖鎮,太湖路一段
926,,金門縣金城鎮,
927,,金門縣金城鎮,金山路
928,主計未編號2-12M,金門縣金城鎮,光前路
928,Ⅱ－3－18M,金門縣金城鎮,民權路
928,主計未編號6-10M,金門縣金城鎮,
929,細1-11-2-10M,金門縣金城鎮,
929,主計未編號3-2-12,金門縣金城鎮,
931,,金門縣金寧鄉,
932,,金門縣金寧鄉,環島西路二段
937,,金門縣金城鎮,環島南路一段
938,主計未編號30-7M,金門縣金城鎮,珠浦北路
939,Ⅱ－3－10M,金門縣金城鎮,民族路
939,細1-1-17M,金門縣金城鎮,
939,主計未編號1-1-17,金門縣金城鎮,浯江北堤路
939,,金門縣金城鎮,金山路
939,,金門縣金城鎮,環島西路一段
939,細1-229-4M,金門縣金城鎮,
939,細1-31-1-6M,金門縣金城鎮,
939,Ⅰ－1－30M,金門縣金城鎮,環島西路一段
939,細1-76-6M,金門縣金城鎮,
939,細1-18-9M,金門縣金城鎮,
939,細1-25-8M,金門縣金城鎮,
939,Ⅰ－1－30M,金門縣金城鎮,伯玉路一段
940,,金門縣金寧鄉,林湖路
945,,金門縣金湖鎮,環島南路三段
947,,金門縣金湖鎮,環島南路三段
950,細1-235-4M,金門縣金城鎮,
950,細1-234-4M,金門縣金城鎮,
951,細1-71-6M,金門縣金城鎮,
954,,金門縣金寧鄉,
955,細十-12m,金門縣金湖鎮,
955,,金門縣金湖鎮,太湖路三段
956,,金門縣金湖鎮,環島南路五段
957,一-1,金門縣金寧鄉,
957,,金門縣金寧鄉,慈湖路二段
957,,金門縣金寧鄉,慈湖路二段
959,,金門縣金湖鎮,經武路
960,Ⅱ－3－10M,金門縣金城鎮,民族路
963,,金門縣烈嶼鄉,九井路
963,,金門縣烈嶼鄉,九井路
964,主計未編號14-10M,金門縣金城鎮,
964,主計未編號12-10M,金門縣金城鎮,
964,主計未編號41-8M,金門縣金城鎮,
964,主計未編號8-1-10,金門縣金城鎮,
964,細1－58-6M,金門縣金城鎮,
964,細1－59-6M,金門縣金城鎮,
964,Ⅱ－3－18M,金門縣金城鎮,民權路
966,細1-31-1-6M,金門縣金城鎮,
967,Ⅳ－20－12M,金門縣金沙鎮,
968,I-3-30M,金門縣金沙鎮,
968,,金門縣金沙鎮,
969,主計未編號30-7M,金門縣金城鎮,珠浦北路
970,,金門縣金城鎮,
972,,金門縣金寧鄉,環島西路二段
977,,金門縣金湖鎮,三多路
977,,金門縣金湖鎮,太湖路三段
978,主計未編號26-1-8,金門縣金城鎮,
984,,金門縣金湖鎮,金港路
985,細1-229-4M,金門縣金城鎮,
987,,金門縣金寧鄉,環島南路一段
988,,金門縣金寧鄉,慈湖路二段
989,,金門縣金湖鎮,環島東路五段
995,,金門縣金湖鎮,環島南路五段
996,Ⅲ-11-15M,金門縣金湖鎮,
997,,金門縣金寧鄉,林堡路
998,,金門縣金寧鄉,林堡路
1000,,金門縣金湖鎮,光武路
1003,,金門縣金寧鄉,環島西路二段
1005,,金門縣金湖鎮,環島北路三段
1005,,金門縣金沙鎮,環島北路三段
1006,,金門縣金湖鎮,環島北路二段
1006,,金門縣金湖鎮,環島北路三段
1006,,金門縣金湖鎮,瓊安路
1007,,金門縣金沙鎮,沙青路
1007,,金門縣金沙鎮,
1007,,金門縣金沙鎮,沙青路
1007,,金門縣金沙鎮,2-22
1011,,金門縣金寧鄉,林堡路
1011,,金門縣金寧鄉,環島北路一段
1011,,金門縣金寧鄉,環島北路二段
1011,,金門縣金寧鄉,環島北路二段
1011,,金門縣金寧鄉,頂林路
1012,,金門縣金湖鎮,環島南路三段
1012,,金門縣金湖鎮,環島南路三段
1012,,金門縣金湖鎮,環島南路三段
1018,主計未編號12-7M,金門縣金沙鎮,陽沙路
1018,,金門縣金沙鎮,陽沙路
1018,,金門縣金沙鎮,
1018,,金門縣金湖鎮,
1019,,金門縣金沙鎮,蘭陽路
1021,,金門縣金寧鄉,環島北路一段
1023,主計未編號2-11M,金門縣金沙鎮,
1023,,金門縣金沙鎮,
1023,主計未編號3-9M,金門縣金沙鎮,環島東路一段
1023,,金門縣金沙鎮,環島東路一段
1023,,金門縣金湖鎮,黃海路
1023,,金門縣金湖鎮,
1026,,金門縣金寧鄉,
1027,Ⅰ－1－30M,金門縣金城鎮,伯玉路一段
1028,,金門縣金寧鄉,慈湖路二段
1029,細1-219-4M,金門縣金城鎮,
1030,,金門縣金湖鎮,環島南路五段
1032,,金門縣金沙鎮,埔華路
1033,,金門縣金湖鎮,經武路
1033,,金門縣金湖鎮,經武路
1035,,金門縣烈嶼鄉,九井路
1036,,金門縣金湖鎮,環島北路三段
1036,,金門縣金沙鎮,環島北路三段
1037,,金門縣金湖鎮,環島北路二段
1037,,金門縣金湖鎮,
1037,,金門縣金湖鎮,環島北路三段
1037,,金門縣金湖鎮,瓊安路
1038,,金門縣金湖鎮,光武路
1038,,金門縣金湖鎮,南機路
1038,,金門縣金湖鎮,環島南路五段
1039,,金門縣金沙鎮,環島北路三段
1041,,金門縣金寧鄉,頂林路
1041,,金門縣金寧鄉,
1049,,金門縣金湖鎮,環島南路四段
1050,,金門縣金寧鄉,環島南路一段
1050,,金門縣金寧鄉,環島南路一段
1050,,金門縣金寧鄉,環島南路一段
1052,,金門縣金湖鎮,環島南路三段
1052,,金門縣金湖鎮,環島南路三段
1054,,金門縣金寧鄉,林湖路
1055,,金門縣金湖鎮,西峰路
1056,,金門縣金寧鄉,
1057,,金門縣金湖鎮,環島北路三段
1057,,金門縣金沙鎮,環島北路三段
1059,,金門縣金湖鎮,環島南路五段
1060,細1-41-6M,金門縣金城鎮,
1060,主計未編號3-1-12,金門縣金城鎮,
1060,細1-40-2-6M,金門縣金城鎮,
1061,,金門縣金湖鎮,環島北路三段
1061,,金門縣金沙鎮,環島北路三段
1067,,金門縣金城鎮,環島西路一段
1067,,金門縣金城鎮,環島南路一段
1067,,金門縣金城鎮,環島西路一段
1067,,金門縣金城鎮,環島西路一段
1068,,金門縣金城鎮,環島南路一段
1068,,金門縣金城鎮,
1068,,金門縣金城鎮,金山路
1068,,金門縣金城鎮,環島南路一段
1069,,金門縣金寧鄉,伯玉路一段
1070,,金門縣金湖鎮,環島南路五段
1073,,金門縣金湖鎮,環島北路三段
1074,,金門縣金湖鎮,環島北路三段
1074,,金門縣金沙鎮,環島北路三段
1075,,金門縣金湖鎮,環島北路二段
1075,,金門縣金湖鎮,
1075,,金門縣金湖鎮,環島北路三段
1075,,金門縣金湖鎮,瓊安路
1076,,金門縣金寧鄉,環島西路二段
1076,,金門縣金寧鄉,環島西路二段
1077,,金門縣金沙鎮,大山路
1078,,金門縣金寧鄉,環島西路二段
1080,,金門縣金寧鄉,瓊安路
1081,主計未編號07-1-9,金門縣金湖鎮,復興路一段
1081,主計未編號2-11M,金門縣金沙鎮,
1081,,金門縣金沙鎮,
1081,主計未編號3-9M,金門縣金沙鎮,環島東路一段
1081,,金門縣金沙鎮,環島東路一段
1081,,金門縣金湖鎮,黃海路
1081,,金門縣金湖鎮,
1082,,金門縣金寧鄉,
1083,,金門縣金寧鄉,頂林路
1085,,金門縣金沙鎮,
1088,,金門縣金沙鎮,陽沙路
1090,,金門縣金寧鄉,頂林路
1090,,金門縣金寧鄉,頂林路
1090,,金門縣金寧鄉,頂林路
1091,,金門縣金湖鎮,環島南路五段
1091,細八-12m,金門縣金湖鎮,
1092,主計未編號7-10M,金門縣金城鎮,民權路
1092,Ⅱ－3－18M,金門縣金城鎮,民權路
1093,,金門縣金寧鄉,環島北路一段
1093,,金門縣金寧鄉,頂林路
1094,,金門縣金寧鄉,瓊安路
1094,,金門縣金寧鄉,瓊安路
1095,,金門縣金城鎮,金山路
1096,主計未編號46-9M,金門縣金城鎮,
1096,細1-244-4M,金門縣金城鎮,
1096,主計未編號6-10M,金門縣金城鎮,
1096,細1-33-6M,金門縣金城鎮,
1098,,金門縣烈嶼鄉,湖埔路
1098,二-1,金門縣烈嶼鄉,
1100,,金門縣金沙鎮,
1100,,金門縣金沙鎮,沙青路
1101,,金門縣金湖鎮,環島南路四段
1102,細1-22-8M,金門縣金城鎮,
1102,細1-41-6M,金門縣金城鎮,
1102,細1-40-1-6M,金門縣金城鎮,
1102,細1-40-2-6M,金門縣金城鎮,
1107,主計未編號28-5M,金門縣金湖鎮,
1108,,金門縣金湖鎮,環島東路五段
1108,,金門縣金湖鎮,環島東路五段
1108,,金門縣金湖鎮,環島東路五段
1108,,金門縣金湖鎮,環島東路五段
1108,,金門縣金湖鎮,太湖路三段
1109,細1-22-8M,金門縣金城鎮,
1110,,金門縣金城鎮,西海路二段
1110,,金門縣金城鎮,西海路三段
1110,,金門縣金城鎮,延平路
1111,,金門縣金湖鎮,自強路
1111,主計未編號25-8M,金門縣金城鎮,民生路
1111,,金門縣金寧鄉,盤果路
1111,,金門縣金城鎮,西海路三段
1111,,金門縣金城鎮,西海路三段
1111,主計未編號32-7M,金門縣金城鎮,
1112,,金門縣金沙鎮,沙青路
1113,,金門縣金城鎮,延平路
1114,Ⅲ-11-15M,金門縣金湖鎮,市港路
1114,Ⅲ-11-15M,金門縣金湖鎮,
1115,,金門縣金湖鎮,市港路
1118,Ⅱ－1－18M,金門縣金城鎮,民權路
1121,Ⅲ-11-15M,金門縣金湖鎮,太湖路二段
1121,細2-14-7M,金門縣金湖鎮,
1121,細2-34-10M,金門縣金湖鎮,
1122,,金門縣金寧鄉,環島南路一段
1122,,金門縣金寧鄉,環島南路一段
1122,,金門縣金寧鄉,林湖路
1122,,金門縣金寧鄉,環島南路一段
1122,,金門縣金寧鄉,環島南路一段
1123,主計未編號25-8M,金門縣金城鎮,民生路
1124,,金門縣金城鎮,西海路二段
1124,,金門縣金城鎮,西海路一段
1126,,金門縣烈嶼鄉,湖埔路
1126,,金門縣烈嶼鄉,九井路
1128,,金門縣金湖鎮,環島南路五段
1128,,金門縣金湖鎮,金港路
1130,,金門縣金沙鎮,
1130,主計未編號3-9M,金門縣金沙鎮,成功路
1130,I-4-30M,金門縣金沙鎮,環島北路四段
1131,,金門縣金城鎮,1-1
1132,,金門縣金城鎮,金山路
1132,,金門縣金城鎮,環島西路一段
1132,,金門縣金城鎮,珠水路
1133,,金門縣金湖鎮,環島北路二段
1133,,金門縣金湖鎮,
1133,,金門縣金湖鎮,環島北路三段
1133,,金門縣金湖鎮,瓊安路
1133,,金門縣金湖鎮,環島北路二段
1134,,金門縣金湖鎮,環島南路四段
1134,,金門縣金湖鎮,環島南路四段
1134,,金門縣金湖鎮,環島南路四段
1134,,金門縣金湖鎮,公園路
1135,細1-21-8M,金門縣金城鎮,
1135,Ⅱ－2－18M,金門縣金城鎮,民生路
1136,主計未編號1-1-17,金門縣金城鎮,浯江北堤路
1137,,金門縣金湖鎮,環島南路五段
1137,細七-12m,金門縣金湖鎮,
1138,,金門縣金寧鄉,環島北路一段
1139,,金門縣金城鎮,
1142,,金門縣金寧鄉,
1143,,金門縣金寧鄉,環島西路二段
1144,,金門縣金寧鄉,頂林路
1144,,金門縣金寧鄉,堡山路
1145,Ⅲ-11-15M,金門縣金湖鎮,市港路
1145,Ⅲ-11-15M,金門縣金湖鎮,
1146,,金門縣金湖鎮,
1148,,金門縣金湖鎮,太湖路三段
1148,細一-18m,金門縣金湖鎮,三多路
1148,,金門縣金湖鎮,太湖路三段
1148,,金門縣金湖鎮,太湖路三段
1149,,金門縣金寧鄉,環島西路二段
1151,Ⅲ-11-15M,金門縣金湖鎮,太湖路二段
1151,主計未編號28-5M,金門縣金湖鎮,
1152,Ⅱ－3－10M,金門縣金城鎮,民族路
1153,Ⅱ-14-12M,金門縣金湖鎮,黃海路
1153,細2-9-8M,金門縣金湖鎮,
1154,,金門縣金城鎮,珠水路
1155,主計未編號14-8M,金門縣金湖鎮,
1156,,金門縣金城鎮,環島西路二段
1156,Ⅰ－5－30M,金門縣金城鎮,環島西路二段
1156,主計未編號27-8M,金門縣金城鎮,
1157,Ⅲ-11-15M,金門縣金湖鎮,
1158,,金門縣金寧鄉,
1161,,金門縣金寧鄉,環島北路一段
1162,細1-40-2-6M,金門縣金城鎮,
1163,,金門縣金沙鎮,蘭陽路
1164,細1-244-4M,金門縣金城鎮,
1164,細1-209-4M,金門縣金城鎮,
1165,,金門縣金寧鄉,伯玉路二段
1166,,金門縣金沙鎮,環島東路二段
1167,主計未編號7-8M,金門縣金沙鎮,
1168,,金門縣金湖鎮,環島南路三段
1168,,金門縣金湖鎮,環島南路三段
1174,,金門縣金沙鎮,沙青路
1174,,金門縣金沙鎮,光華路二段
1174,,金門縣金沙鎮,沙青路
1175,Ⅱ-14-12M,金門縣金湖鎮,黃海路
1175,,金門縣金湖鎮,中正路
1178,細2-15-7M,金門縣金湖鎮,士校路
1178,Ⅲ-11-15M,金門縣金湖鎮,太湖路二段
1178,主計未編號28-5M,金門縣金湖鎮,
1178,,金門縣金湖鎮,南機路
1178,,金門縣金寧鄉,瓊安路
1179,,金門縣金沙鎮,
1179,,金門縣金沙鎮,
1179,,金門縣金沙鎮,環島北路三段
1180,,金門縣金寧鄉,環島北路一段
1180,,金門縣金寧鄉,頂林路
1181,,金門縣金寧鄉,瓊安路
1181,,金門縣金寧鄉,瓊安路
1182,主計未編號3-9M,金門縣金沙鎮,環島東路一段
1183,,金門縣金寧鄉,頂林路
1185,,金門縣金湖鎮,四維路
1187,,金門縣金城鎮,環島北路一段
1188,主計未編號24-9M,金門縣金城鎮,
1189,Ⅱ－1－18M,金門縣金城鎮,民權路
1190,主計未編號20-10M,金門縣金城鎮,
1190,Ⅱ－2－18M,金門縣金城鎮,民生路
1192,,金門縣金湖鎮,
1193,,金門縣金寧鄉,伯玉路三段
1193,,金門縣金湖鎮,
1194,主計未編號28-5M,金門縣金湖鎮,
1195,細1-34-6M,金門縣金城鎮,
1198,細一-18m,金門縣金湖鎮,三多路
1200,Ⅲ-11-15M,金門縣金湖鎮,
1201,,金門縣金沙鎮,光華路二段
1202,I-4-30M,金門縣金沙鎮,環島北路四段
1202,I-3-30M,金門縣金沙鎮,
1203,,金門縣金寧鄉,
1204,,金門縣金湖鎮,環島南路四段
1206,,金門縣金湖鎮,環島南路五段
1207,細1-40-2-6M,金門縣金城鎮,
1207,Ⅱ－1－18M,金門縣金城鎮,民權路
1210,,金門縣金寧鄉,環島西路二段
1211,主計未編號32-1-7,金門縣金城鎮,
1211,主計未編號1-17M,金門縣金城鎮,
1211,主計未編號11-10M,金門縣金城鎮,
1211,細1-113-4M,金門縣金城鎮,
1212,,金門縣金城鎮,珠水路
1215,,金門縣金寧鄉,桃園路
1216,,金門縣金寧鄉,堡山路
1217,Ⅲ-11-15M,金門縣金湖鎮,
1219,,金門縣金寧鄉,環島西路二段
1220,主計未編號32-1-7,金門縣金城鎮,
1220,主計未編號1-17M,金門縣金城鎮,
1220,主計未編號11-10M,金門縣金城鎮,
1220,細1-113-4M,金門縣金城鎮,
1222,,金門縣金寧鄉,頂林路
1223,,金門縣金寧鄉,頂林路
1225,細3-26-8M,金門縣金沙鎮,
1227,,金門縣金湖鎮,南機路
1228,,金門縣金寧鄉,瓊安路
1229,,金門縣金城鎮,延平路
1230,細1-174-4M,金門縣金城鎮,
1230,細1-173-4M,金門縣金城鎮,
1230,細1-175-4M,金門縣金城鎮,
1230,細1-50-6M,金門縣金城鎮,
1230,細1-9-10M,金門縣金城鎮,
1230,細1-43-1-6M,金門縣金城鎮,
1230,主計未編號16-2-1,金門縣金城鎮,
1230,細1-177-4M,金門縣金城鎮,
1230,主計未編號42-6M,金門縣金城鎮,
1230,細1-21-8M,金門縣金城鎮,
1230,細1-180-4M,金門縣金城鎮,
1230,細1-179-4M,金門縣金城鎮,
1230,細1-178-4M,金門縣金城鎮,
1230,細1-176-4M,金門縣金城鎮,
1230,主計未編號17-10M,金門縣金城鎮,
1232,主計未編號27-8M,金門縣金城鎮,
1233,,金門縣金寧鄉,頂林路
1234,Ⅲ-11-15M,金門縣金湖鎮,
1235,,金門縣金寧鄉,堡山路
1235,,金門縣金寧鄉,環島北路二段
1236,,金門縣金湖鎮,環島南路五段
1237,主計未編號1-1-17,金門縣金城鎮,浯江北堤路
1238,,金門縣金寧鄉,盤果路
1241,,金門縣金寧鄉,伯玉路二段
1243,細1-231-4M,金門縣金城鎮,
1244,,金門縣金寧鄉,慈湖路二段
1245,主計未編號07-1-9,金門縣金湖鎮,復興路
1245,Ⅱ-14-12M,金門縣金湖鎮,黃海路
1245,主計未編號14-8M,金門縣金湖鎮,
1246,主計未編號7-8M,金門縣金沙鎮,
1247,,金門縣金寧鄉,
1251,,金門縣金寧鄉,環島西路二段
1252,主計未編號22-9M,金門縣金城鎮,
1253,主計未編號7-10M,金門縣金城鎮,民權路
1254,細1-249-4M,金門縣金城鎮,
1254,細1-266-3M,金門縣金城鎮,
1255,,金門縣金城鎮,環島西路一段
1255,,金門縣金城鎮,
1255,,金門縣金湖鎮,
1255,,金門縣金城鎮,環島西路一段
1256,,金門縣金湖鎮,市港路
1257,,金門縣金城鎮,西海路一段
1259,,金門縣金城鎮,西海路一段
1260,Ⅱ-14-12M,金門縣金湖鎮,黃海路
1262,Ⅲ-11-15M,金門縣金湖鎮,太湖路二段
1262,Ⅲ-11-15M,金門縣金湖鎮,太湖路一段
1262,,金門縣金湖鎮,太湖路一段
1263,,金門縣金湖鎮,伯玉路五段
1265,,金門縣金沙鎮,
1265,,金門縣金沙鎮,高陽路
1266,,金門縣金沙鎮,沙青路
1268,,金門縣金沙鎮,
1269,Ⅲ-11-15M,金門縣金湖鎮,太湖路二段
1269,Ⅲ-11-15M,金門縣金湖鎮,太湖路二段
1269,Ⅲ-11-15M,金門縣金湖鎮,太湖路二段
1269,主計未編號28-5M,金門縣金湖鎮,
1269,Ⅲ-11-15M,金門縣金湖鎮,太湖路二段
1270,,金門縣金湖鎮,環島南路四段
1270,,金門縣金湖鎮,環島南路四段
1270,,金門縣金湖鎮,環島南路五段
1271,,金門縣金寧鄉,頂林路
1271,,金門縣金寧鄉,環島西路二段
1271,主計未編號27-1-8,金門縣金城鎮,
1271,,金門縣金寧鄉,慈湖路一段
1271,,金門縣金寧鄉,慈湖路一段
1271,,金門縣金寧鄉,頂林路
1271,,金門縣金寧鄉,瓊安路
1271,,金門縣金寧鄉,瓊安路
1271,,金門縣金寧鄉,頂林路
1271,,金門縣金寧鄉,慈湖路二段
1272,,金門縣金沙鎮,沙青路
1274,,金門縣金寧鄉,慈湖路三段
1276,,金門縣金湖鎮,金港路
1276,,金門縣金湖鎮,金港路
1276,,金門縣金湖鎮,金港路
1277,,金門縣金城鎮,
1277,主計未編號3-2-12,金門縣金城鎮,
1279,,金門縣金城鎮,泰仰路
1282,,金門縣金城鎮,環島南路一段
1284,Ⅱ－1－18M,金門縣金城鎮,民權路
1284,Ⅱ－2－18M,金門縣金城鎮,民生路
1284,Ⅱ－3－18M,金門縣金城鎮,民權路
1285,細1-244-4M,金門縣金城鎮,
1285,細1-209-4M,金門縣金城鎮,
1286,細1-249-4M,金門縣金城鎮,
1286,Ⅱ－3－18M,金門縣金城鎮,民權路
1287,主計未編號1-1-17,金門縣金城鎮,浯江北堤路
1287,主計未編號28-6M,金門縣金城鎮,
1290,,金門縣金寧鄉,林湖路
1293,細3-6-8M,金門縣金沙鎮,
1293,細3-2-8M,金門縣金沙鎮,
1293,I-4-30M,金門縣金沙鎮,沙青路
1294,,金門縣金湖鎮,金港路
1295,主計未編號7-8M,金門縣金沙鎮,
1295,,金門縣金沙鎮,
1295,IV-13,金門縣金沙鎮,
1295,主計未編號4-9M,金門縣金沙鎮,
1296,,金門縣烈嶼鄉,
1296,,金門縣烈嶼鄉,九井路
1296,,金門縣烈嶼鄉,九井路
1296,,金門縣烈嶼鄉,
1296,,金門縣烈嶼鄉,九井路
1297,,金門縣烈嶼鄉,九井路
1297,,金門縣烈嶼鄉,九井路
1298,,金門縣金寧鄉,寧湖路
1301,,金門縣金城鎮,金山路
1302,,金門縣金寧鄉,林湖路
1303,Ⅳ－20－12M,金門縣金沙鎮,
1305,,金門縣金城鎮,珠水路
1306,Ⅱ－3－18M,金門縣金城鎮,民權路
1308,,金門縣金寧鄉,伯玉路一段
1309,細2-15-7M,金門縣金湖鎮,士校路
1311,,金門縣金湖鎮,伯玉路五段
1311,,金門縣金湖鎮,瓊徑路
1312,主計未編號1-1-17,金門縣金城鎮,浯江北堤路
1312,主計未編號31-5M,金門縣金城鎮,
1313,Ⅲ-11-15M,金門縣金湖鎮,
1313,細2-26-4M,金門縣金湖鎮,
1313,Ⅲ-11-15M,金門縣金湖鎮,市港路
1314,主計未編號34-6M,金門縣金城鎮,
1321,,金門縣金寧鄉,堡山路
1323,細1-82-4M,金門縣金城鎮,
1325,Ⅰ－5－30M,金門縣金城鎮,環島西路二段
1325,,金門縣金寧鄉,環島西路二段
1335,,金門縣金寧鄉,頂林路
1335,,金門縣金寧鄉,環島西路二段
1335,細2-6M,金門縣金寧鄉,
1336,,金門縣金沙鎮,蘭陽路
1337,Ⅱ－1－18M,金門縣金城鎮,民權路
1337,Ⅱ－3－18M,金門縣金城鎮,民權路
1338,,金門縣金湖鎮,金港路
1340,主計未編號3-9M,金門縣金沙鎮,成功路
1340,Ⅳ－20－12M,金門縣金沙鎮,
1341,,金門縣金寧鄉,寧湖路
1341,,金門縣金寧鄉,寧湖路
1342,,金門縣烈嶼鄉,九井路
1342,,金門縣烈嶼鄉,
1343,,金門縣金城鎮,西海路一段
1344,,金門縣金寧鄉,環島北路一段
1345,,金門縣金寧鄉,環島西路二段
1345,細2-6M,金門縣金寧鄉,
1347,,金門縣金寧鄉,林湖路
1348,,金門縣金沙鎮,環島東路一段
1352,,金門縣金城鎮,環島南路一段
1354,,金門縣金湖鎮,環島北路二段
1356,I-4-30M,金門縣金沙鎮,環島北路四段
1356,Ⅳ－20－12M,金門縣金沙鎮,
1357,Ⅳ－20－12M,金門縣金沙鎮,
1358,,金門縣金湖鎮,環島東路五段
1358,,金門縣金湖鎮,環島東路五段
1358,,金門縣金湖鎮,環島東路五段
2002,主計未編號11-10M,金門縣金城鎮,
2002,主計未編號29-8M,金門縣金城鎮,
2003,細1-26-1-8M,金門縣金城鎮,
2003,,金門縣金城鎮,延平路
2003,,金門縣金城鎮,西海路一段
2011,,金門縣金湖鎮,環島南路五段
2018,細1-26-1-8M,金門縣金城鎮,
2018,,金門縣金城鎮,延平路
2018,,金門縣金城鎮,西海路一段
2021,,金門縣金寧鄉,環島西路二段
2028,主計未編號28-5M,金門縣金湖鎮,
2029,,金門縣金城鎮,環島西路一段
2031,細1-40-2-6M,金門縣金城鎮,
2037,Ⅲ-11-15M,金門縣金湖鎮,
2051,,金門縣金沙鎮,環島北路三段
2064,,金門縣金湖鎮,光武路
2064,,金門縣金湖鎮,黃海路
2005,,金門縣金湖鎮,柏村路
2005,,金門縣金湖鎮,環島南路五段
2005,,金門縣金湖鎮,四維路
2005,,金門縣金湖鎮,金港路
2005,,金門縣金湖鎮,柏村路
2005,,金門縣金湖鎮,柏村路
2012,,金門縣金城鎮,環島西路一段
2012,,金門縣金城鎮,環島西路一段
2012,,金門縣金城鎮,環島西路一段
2013,細1-26-1-8M,金門縣金城鎮,
2013,,金門縣金城鎮,延平路
2013,,金門縣金城鎮,西海路一段
2015,,金門縣金沙鎮,陽沙路
2015,,金門縣金沙鎮,光華路一段
2015,,金門縣金沙鎮,環島東路二段
2015,,金門縣金沙鎮,陽沙路
2015,,金門縣金湖鎮,環島東路二段
2015,,金門縣金湖鎮,環島東路二段
2024,,金門縣金湖鎮,太湖路三段
2023,,金門縣金湖鎮,環島南路五段
2027,Ⅲ-11-15M,金門縣金湖鎮,
2041,,金門縣金沙鎮,
2041,,金門縣金沙鎮,高陽路
2042,,金門縣金沙鎮,光華路二段
2043,,金門縣金沙鎮,埔華路
1538,Ⅱ－1－18M,金門縣金城鎮,民權路
1539,,金門縣金沙鎮,陽沙路
1539,,金門縣金沙鎮,光華路一段
1539,,金門縣金沙鎮,環島東路二段
1539,,金門縣金沙鎮,陽沙路
1539,,金門縣金湖鎮,環島東路二段
1539,,金門縣金湖鎮,環島東路二段
1548,,金門縣金沙鎮,埔華路
1536,,金門縣金寧鄉,盤果路
1546,,金門縣金寧鄉,環島西路二段
1546,,金門縣金寧鄉,
1546,,金門縣金寧鄉,環島西路二段
1546,,金門縣金寧鄉,環島西路二段
1552,,金門縣金沙鎮,埔華路
1569,,金門縣金寧鄉,環島西路二段
1569,,金門縣金寧鄉,
1570,Ⅰ－5－30M,金門縣金城鎮,環島西路二段
1537,,金門縣金城鎮,西海路三段
1523,主計未編號2-12M,金門縣金城鎮,光前路
1549,,金門縣金沙鎮,埔華路
1550,,金門縣金寧鄉,環島西路二段
1550,,金門縣金寧鄉,慈湖路一段
1553,,金門縣金湖鎮,太湖路三段
1551,,金門縣金城鎮,環島西路一段
1551,,金門縣金城鎮,環島西路一段
1571,主計未編號07-1-9,金門縣金湖鎮,林森路
1571,主計未編號10-2-9,金門縣金湖鎮,林森路
1555,Ⅲ-11-15M,金門縣金湖鎮,
1394,細3-8-8M,金門縣金沙鎮,
1394,主計未編號12-7M,金門縣金沙鎮,陽沙路
1403,,金門縣金湖鎮,瓊徑路
1416,,金門縣金城鎮,延平路
1453,,金門縣金寧鄉,
1445,細1-190-4M,金門縣金城鎮,
1445,細1-19-5M,金門縣金城鎮,
1445,細1-216-4M,金門縣金城鎮,
1446,主計未編號5-10M,金門縣金城鎮,
1446,細1-20-7M,金門縣金城鎮,
1446,細1-187-4M,金門縣金城鎮,
1446,細1-35-1-5M,金門縣金城鎮,
1446,細1-19-5M,金門縣金城鎮,
1446,主計未編號40-6M,金門縣金城鎮,
1452,,金門縣金沙鎮,環島東路一段
1452,I-3-30M,金門縣金沙鎮,環島東路一段
1372,,金門縣金寧鄉,堡山路
1387,,金門縣金沙鎮,陽沙路
1443,,金門縣金寧鄉,慈湖路三段
1450,,金門縣金城鎮,桃園路
1458,Ⅱ－3－10M,金門縣金城鎮,民族路
1458,主計未編號1-1-17,金門縣金城鎮,浯江北堤路
1458,細1-28-7M,金門縣金城鎮,
1458,主計未編號31-5M,金門縣金城鎮,
1458,細1-31-6M,金門縣金城鎮,
1458,Ⅱ－3－18M,金門縣金城鎮,民權路
1490,,金門縣金城鎮,
1490,,金門縣金城鎮,環島南路一段
1500,,金門縣金湖鎮,柏村路
1500,,金門縣金湖鎮,
1500,,金門縣金湖鎮,環島南路五段
1500,,金門縣金湖鎮,四維路
1500,,金門縣金湖鎮,金港路
1500,,金門縣金湖鎮,柏村路
1500,,金門縣金湖鎮,柏村路
1527,Ⅲ-11-15M,金門縣金湖鎮,
1544,主計未編號1-17M,金門縣金城鎮,
1438,細1-149-4M,金門縣金城鎮,
1442,,金門縣金寧鄉,頂林路
1362,,金門縣金寧鄉,頂林路
1376,,金門縣金湖鎮,黃海路
1390,,金門縣金湖鎮,
1401,,金門縣金寧鄉,
1402,,金門縣金沙鎮,陽沙路
1413,I-4-30M,金門縣金沙鎮,環島北路四段
1413,I-3-30M,金門縣金沙鎮,
1414,,金門縣金沙鎮,光華路二段
1426,,金門縣金寧鄉,環島西路二段
1448,,金門縣金寧鄉,
1448,,金門縣金寧鄉,慈湖路二段
1448,,金門縣金寧鄉,慈湖路三段
1444,,金門縣金寧鄉,慈湖路二段
1395,,金門縣金寧鄉,林堡路
1396,,金門縣金寧鄉,環島北路二段
1408,主計未編號2-12M,金門縣金城鎮,光前路
1408,Ⅱ－3－18M,金門縣金城鎮,民權路
1408,主計未編號6-10M,金門縣金城鎮,
1409,主計未編號2-12M,金門縣金城鎮,光前路
1409,主計未編號26-1-8,金門縣金城鎮,
1420,,金門縣金寧鄉,環島西路二段
1460,細1-40-6M,金門縣金城鎮,
1465,,金門縣金沙鎮,
1487,,金門縣金寧鄉,堡山路
1487,,金門縣金寧鄉,堡山路
1492,,金門縣金湖鎮,太湖路一段
1493,,金門縣金湖鎮,光武路
1493,,金門縣金湖鎮,黃海路
1499,,金門縣金湖鎮,環島南路五段
1504,Ⅲ-11-15M,金門縣金湖鎮,市港路
1363,,金門縣金寧鄉,
1365,,金門縣金城鎮,1-1
1365,,金門縣金城鎮,泰仰路
1375,,金門縣金湖鎮,
1369,I-4-30M,金門縣金沙鎮,環島北路四段
1369,,金門縣金沙鎮,環島北路四段
1455,,金門縣金寧鄉,環島西路二段
1378,,金門縣金寧鄉,瓊安路
1379,Ⅲ-11-15M,金門縣金湖鎮,
1411,,金門縣金城鎮,環島西路一段
1411,,金門縣金城鎮,賢城路
1411,,金門縣金城鎮,環島西路一段
1415,,金門縣烈嶼鄉,九井路
1415,,金門縣烈嶼鄉,九井路
1418,,金門縣金寧鄉,瓊安路
1419,,金門縣金寧鄉,南山路
1424,,金門縣金湖鎮,太湖路三段
1447,,金門縣金沙鎮,沙青路
1377,Ⅲ-11-15M,金門縣金湖鎮,市港路
1425,,金門縣金寧鄉,
1457,,金門縣金湖鎮,伯玉路四段
1495,,金門縣金寧鄉,頂林路
1495,,金門縣金寧鄉,
1572,主計未編號11-10M,金門縣金城鎮,
1557,主計未編號28-5M,金門縣金湖鎮,
1558,,金門縣金城鎮,環島西路一段
1559,細1-40-2-6M,金門縣金城鎮,
1561,Ⅲ-11-15M,金門縣金湖鎮,
1543,Ⅱ－1－18M,金門縣金城鎮,民權路
1383,細1-149-4M,金門縣金城鎮,
1384,細一-18m,金門縣金湖鎮,三多路
1384,細三-12m,金門縣金湖鎮,
1366,細1-231-4M,金門縣金城鎮,
1367,細1-235-4M,金門縣金城鎮,
1367,細1-234-4M,金門縣金城鎮,
1368,,金門縣金寧鄉,
1370,,金門縣金城鎮,環島西路一段
1370,,金門縣金城鎮,環島西路一段
1512,,金門縣金寧鄉,頂林路
1521,,金門縣烈嶼鄉,九井路
1382,細1-71-6M,金門縣金城鎮,
1382,主計未編號1-1-17,金門縣金城鎮,浯江北堤路
1509,細1-40-2-6M,金門縣金城鎮,
1407,,金門縣金湖鎮,環島東路四段
1412,,金門縣金寧鄉,頂林路
1417,,金門縣烈嶼鄉,九井路
1417,,金門縣烈嶼鄉,九井路
1470,,金門縣金寧鄉,瓊安路
1449,,金門縣金湖鎮,
1449,,金門縣金城鎮,桃園路
1454,,金門縣金城鎮,桃園路
1467,,金門縣金湖鎮,瓊徑路
1467,,金門縣金湖鎮,瓊徑路
1505,,金門縣金湖鎮,瓊徑路
1505,,金門縣金湖鎮,瓊徑路
1508,Ⅲ-11-15M,金門縣金湖鎮,太湖路三段
1513,Ⅰ－1－30M,金門縣金城鎮,伯玉路一段
1515,,金門縣金寧鄉,
1533,,金門縣金湖鎮,伯玉路三段
1545,,金門縣金沙鎮,光華路二段
1459,主計未編號5-10M,金門縣金城鎮,
1459,細1-21-8M,金門縣金城鎮,
1459,Ⅱ－2－18M,金門縣金城鎮,民生路
1459,主計未編號22-9M,金門縣金城鎮,
1473,,金門縣金寧鄉,瓊安路
1463,,金門縣金沙鎮,
1463,,金門縣金沙鎮,高陽路
1517,,金門縣金湖鎮,環島南路五段
1451,,金門縣金城鎮,桃園路
1462,,金門縣金沙鎮,高陽路
1475,,金門縣金沙鎮,
1484,I-4-30M,金門縣金沙鎮,沙青路
1484,I-4-30M,金門縣金沙鎮,環島北路四段
1496,,金門縣金湖鎮,光武路
1496,,金門縣金湖鎮,黃海路
1531,Ⅲ-11-15M,金門縣金湖鎮,
1540,細1-230-4M,金門縣金城鎮,
1540,細1-229-4M,金門縣金城鎮,
1540,Ⅰ－1－30M,金門縣金城鎮,環島西路一段
1540,細1-30-6M,金門縣金城鎮,
1542,Ⅱ－1－18M,金門縣金城鎮,民權路
1564,,金門縣金城鎮,1-1
1564,,金門縣金城鎮,西海路二段
1564,,金門縣金城鎮,泰仰路
1564,,金門縣金城鎮,西海路三段
1564,,金門縣金城鎮,西海路三段
1564,,金門縣金城鎮,延平路
1564,,金門縣金城鎮,環島西路一段
1564,,金門縣金城鎮,環島西路一段
1567,,金門縣金寧鄉,桃園路
1477,,金門縣金寧鄉,林湖路
1472,,金門縣金沙鎮,陽沙路
1478,,金門縣金城鎮,
1482,細2-15-7M,金門縣金湖鎮,士校路
1483,,金門縣金城鎮,
1501,,金門縣金城鎮,西海路二段
1501,,金門縣金城鎮,西海路一段
1510,,金門縣金寧鄉,林湖路
1510,,金門縣金寧鄉,林湖路
1518,,金門縣烈嶼鄉,九井路
1518,,金門縣烈嶼鄉,九井路
1518,,金門縣烈嶼鄉,九井路
1514,,金門縣金沙鎮,
1541,,金門縣金寧鄉,環島西路二段
1519,,金門縣金寧鄉,盤果路
1535,,金門縣金寧鄉,慈湖路二段
1520,細1-41-6M,金門縣金城鎮,
1566,細1-26-1-8M,金門縣金城鎮,
1566,,金門縣金城鎮,延平路
1566,,金門縣金城鎮,西海路一段
2045,Ⅲ-11-15M,金門縣金湖鎮,太湖路二段
2045,細2-15-7M,金門縣金湖鎮,士校路
2045,Ⅲ-11-15M,金門縣金湖鎮,太湖路二段
2045,Ⅲ-11-15M,金門縣金湖鎮,太湖路二段
2045,主計未編號28-5M,金門縣金湖鎮,
2045,Ⅲ-11-15M,金門縣金湖鎮,太湖路二段
2046,主計未編號1-17M,金門縣金城鎮,
2054,主計未編號07-1-9,金門縣金湖鎮,林森路
2054,主計未編號10-2-9,金門縣金湖鎮,林森路
2056,細1-229-4M,金門縣金城鎮,
2056,Ⅰ－1－30M,金門縣金城鎮,環島西路一段
2056,細1-30-6M,金門縣金城鎮,
2057,,金門縣金城鎮,1-1
2057,,金門縣金城鎮,西海路二段
2057,,金門縣金城鎮,泰仰路
2057,,金門縣金城鎮,西海路三段
2057,,金門縣金城鎮,環島西路一段
2059,,金門縣金湖鎮,光武路
2059,,金門縣金湖鎮,黃海路
2068,Ⅰ－5－30M,金門縣金城鎮,環島西路二段
2069,,金門縣金寧鄉,環島西路二段
2069,,金門縣金寧鄉,
2074,,金門縣烈嶼鄉,八青路
2080,,金門縣金沙鎮,
2088,,金門縣金城鎮,環島南路一段
2093,,金門縣金湖鎮,環島東路五段
2093,,金門縣金湖鎮,環島東路五段
2099,主計未編號20-10M,金門縣金城鎮,
2129,,金門縣金湖鎮,環島南路三段
2132,,金門縣金湖鎮,環島東路五段
2135,,金門縣金湖鎮,
2134,,金門縣金湖鎮,太湖路一段
2150,主計未編號17-6M,金門縣金沙鎮,
2158,,金門縣金寧鄉,林堡路
2157,,金門縣金沙鎮,環島北路三段
2185,,金門縣金沙鎮,環島北路三段
2186,Ⅲ-11-15M,金門縣金湖鎮,太湖路一段
2188,,金門縣金寧鄉,
2207,主計未編號2-12M,金門縣金城鎮,光前路
2207,主計未編號27-1-8,金門縣金城鎮,
2211,,金門縣金城鎮,西海路二段
2211,,金門縣金城鎮,西海路二段
2209,,金門縣金寧鄉,頂林路
2228,,金門縣金沙鎮,埔華路
2212,主計未編號11-10M,金門縣金城鎮,
2212,主計未編號2-12M,金門縣金城鎮,光前路
2239,,金門縣金寧鄉,慈湖路二段
2273,,金門縣金湖鎮,伯玉路四段
2281,,金門縣金湖鎮,金港路
2306,主計未編號6-10M,金門縣金城鎮,
2307,細1-190-4M,金門縣金城鎮,
2311,,金門縣金寧鄉,頂林路
2318,Ⅲ-11-15M,金門縣金湖鎮,
2321,Ⅲ-11-15M,金門縣金湖鎮,
2340,,金門縣金沙鎮,環島北路四段
2340,I-4-30M,金門縣金沙鎮,環島北路四段
2329,,金門縣金寧鄉,伯玉路二段
2329,,金門縣金寧鄉,盤果路
2329,,金門縣金寧鄉,林堡路
2329,,金門縣金寧鄉,頂林路
2329,,金門縣金寧鄉,環島北路一段
2329,,金門縣金寧鄉,林堡路
2329,,金門縣金寧鄉,堡山路
2329,,金門縣金寧鄉,環島北路二段
2343,主計未編號6-10M,金門縣金城鎮,
2343,主計未編號51-4M,金門縣金城鎮,
2359,細1-40-2-6M,金門縣金城鎮,
2363,,金門縣金城鎮,金山路
2366,Ⅲ-11-15M,金門縣金湖鎮,
2369,,金門縣金寧鄉,環島北路一段
2383,,金門縣金城鎮,西海路二段
2383,,金門縣金城鎮,西海路二段
2383,,金門縣金城鎮,西海路三段
2383,,金門縣金城鎮,西海路三段
2383,,金門縣金城鎮,西海路三段
2383,Ⅱ－4－25M,金門縣金城鎮,西海路三段
2383,,金門縣金城鎮,西海路二段
2383,,金門縣金城鎮,西海路一段
2382,,金門縣金城鎮,西海路三段
2385,,金門縣金城鎮,西海路一段
2390,Ⅲ-11-15M,金門縣金湖鎮,
2390,細Ⅲ-10-10M,金門縣金湖鎮,
2390,Ⅲ-11-15M,金門縣金湖鎮,太湖路一段
2390,Ⅲ-11-15M,金門縣金湖鎮,
2390,Ⅲ-11-15M,金門縣金湖鎮,太湖路一段
2390,,金門縣金湖鎮,太湖路一段
2390,Ⅲ-11-15M,金門縣金湖鎮,
2390,,金門縣金湖鎮,太湖路一段
2390,,金門縣金湖鎮,太湖路一段
2390,Ⅲ-11-15M,金門縣金湖鎮,太湖路一段
2390,Ⅲ-11-15M,金門縣金湖鎮,
2390,Ⅲ-11-15M,金門縣金湖鎮,太湖路一段
2390,,金門縣金湖鎮,太湖路一段
2390,,金門縣金湖鎮,太湖路一段
2390,,金門縣金湖鎮,伯玉路五段
2390,,金門縣金湖鎮,公園路
2390,,金門縣金湖鎮,擎天路
2390,,金門縣金湖鎮,太湖路一段
2392,Ⅲ-11-15M,金門縣金湖鎮,太湖路二段
2392,細2-15-7M,金門縣金湖鎮,士校路
2392,Ⅲ-11-15M,金門縣金湖鎮,太湖路二段
2392,主計未編號28-5M,金門縣金湖鎮,
2402,,金門縣金湖鎮,南機路
2405,,金門縣金沙鎮,環島北路三段
2411,,金門縣金湖鎮,環島南路四段
2411,,金門縣金湖鎮,環島南路四段
2411,,金門縣金湖鎮,市港路
2420,Ⅱ－3－10M,金門縣金城鎮,民族路
2428,,金門縣金城鎮,金山路
2432,主計未編號07-1-9,金門縣金湖鎮,
2437,Ⅲ-11-15M,金門縣金湖鎮,
2445,細1-190-4M,金門縣金城鎮,
2451,,金門縣金城鎮,珠水路
2438,,金門縣金城鎮,西海路三段
2438,,金門縣金城鎮,賢城路
2458,細1-106-4M,金門縣金城鎮,
2458,細1-115-4M,金門縣金城鎮,
2464,,金門縣金寧鄉,林堡路
2472,主計未編號07-1-9,金門縣金湖鎮,復興路一段
2473,,金門縣金寧鄉,東湖路
2477,,金門縣金湖鎮,環島東路二段
2477,,金門縣金湖鎮,環島東路二段
2484,,金門縣金城鎮,珠水路
2484,,金門縣金城鎮,珠水路
2484,,金門縣金城鎮,
2484,,金門縣金城鎮,珠水路
2484,,金門縣金城鎮,西海路一段
2484,,金門縣金城鎮,珠水路
2491,,金門縣金湖鎮,金港路
2497,,金門縣金寧鄉,桃園路
2500,,金門縣金城鎮,環島西路一段
2498,,金門縣金城鎮,西海路一段
2498,,金門縣金城鎮,西海路一段
2498,,金門縣金城鎮,西海路一段
2498,,金門縣金城鎮,西海路一段
2499,,金門縣金湖鎮,
2509,Ⅱ-14-12M,金門縣金湖鎮,黃海路
2531,,金門縣金寧鄉,環島西路二段
2535,,金門縣金湖鎮,環島南路四段
2535,,金門縣金城鎮,環島北路一段
2535,,金門縣金城鎮,環島北路一段
2535,Ⅰ－5－30M,金門縣金城鎮,環島西路二段
2535,Ⅱ－1－18M,金門縣金城鎮,民權路
2535,,金門縣金湖鎮,環島南路四段
2535,,金門縣金湖鎮,
2535,,金門縣金城鎮,桃園路
2535,,金門縣金湖鎮,環島東路四段
2535,,金門縣金湖鎮,環島東路二段
2535,,金門縣金湖鎮,環島東路四段
2535,,金門縣金湖鎮,環島東路四段
2535,,金門縣金湖鎮,環島東路三段
2535,,金門縣金湖鎮,環島東路三段
2535,,金門縣金湖鎮,三多路
2535,,金門縣金湖鎮,環島南路五段
2535,,金門縣金寧鄉,環島北路一段
2535,,金門縣金寧鄉,
2535,,金門縣金寧鄉,慈湖路二段
2535,,金門縣金寧鄉,慈湖路一段
2535,,金門縣金寧鄉,慈湖路一段
2535,主計未編號1-1-17,金門縣金城鎮,浯江北堤路
2535,,金門縣金城鎮,金山路
2535,,金門縣金城鎮,環島西路一段
2535,,金門縣金寧鄉,林湖路
2535,Ⅰ－1－30M,金門縣金城鎮,環島西路一段
2535,Ⅰ－1－30M,金門縣金城鎮,伯玉路一段
2535,,金門縣金寧鄉,瓊安路
2535,,金門縣金寧鄉,伯玉路一段
2535,,金門縣金寧鄉,伯玉路一段
2535,,金門縣金寧鄉,伯玉路一段
2535,,金門縣金寧鄉,慈湖路二段
2560,,金門縣金沙鎮,沙青路
2560,,金門縣金沙鎮,沙青路
2560,,金門縣金沙鎮,沙青路
2560,主計未編號3-9M,金門縣金沙鎮,成功路
2560,,金門縣金沙鎮,環島北路四段
2560,I-4-30M,金門縣金沙鎮,環島北路四段
2560,,金門縣金沙鎮,
2560,主計未編號3-9M,金門縣金沙鎮,環島東路一段
2560,主計未編號11-8M,金門縣金沙鎮,
2560,,金門縣金沙鎮,環島東路一段
2560,,金門縣金沙鎮,環島北路三段
2560,,金門縣金沙鎮,環島北路四段
2560,,金門縣金沙鎮,環島東路一段
2560,,金門縣金沙鎮,環島東路一段
2560,,金門縣金沙鎮,環島東路一段
2560,,金門縣金湖鎮,環島南路五段
2560,,金門縣金城鎮,西海路二段
2560,,金門縣金城鎮,西海路二段
2560,,金門縣金城鎮,西海路三段
2560,,金門縣金城鎮,西海路三段
2560,,金門縣金城鎮,珠水路
2560,,金門縣金城鎮,珠水路
2560,,金門縣金城鎮,西海路一段
2560,,金門縣金城鎮,西海路一段
2560,,金門縣金城鎮,
2560,,金門縣金城鎮,西海路二段
2560,,金門縣金城鎮,西海路一段
2560,,金門縣金城鎮,環島南路一段
2565,,金門縣金沙鎮,高陽路
2565,,金門縣金沙鎮,
2565,,金門縣金沙鎮,環島東路一段
2507,,金門縣金寧鄉,瓊安路
2510,細1-231-4M,金門縣金城鎮,
2517,,金門縣金寧鄉,慈湖路二段
2519,,金門縣金寧鄉,頂林路
2526,,金門縣金城鎮,珠水路
2529,,金門縣金寧鄉,林堡路
2533,,金門縣金寧鄉,
2548,,金門縣金寧鄉,頂林路
2548,,金門縣金寧鄉,
2552,,金門縣金寧鄉,伯玉路三段
2552,,金門縣金寧鄉,瓊安路
2552,,金門縣金寧鄉,環島北路二段
2555,,金門縣金寧鄉,堡山路
2549,,金門縣金沙鎮,環島北路四段
2566,,金門縣金城鎮,
2566,,金門縣金城鎮,賢城路
2566,,金門縣金城鎮,環島西路一段
2587,主計未編號39-10M,金門縣金城鎮,
2587,Ⅱ－3－18M,金門縣金城鎮,民權路
2588,主計未編號1-1-17,金門縣金城鎮,浯江北堤路
2588,主計未編號28-6M,金門縣金城鎮,
2570,,金門縣金寧鄉,伯玉路二段
2599,Ⅲ-11-15M,金門縣金湖鎮,
2601,,金門縣金城鎮,金山路
2602,細一-18m,金門縣金湖鎮,三多路
2604,,金門縣金湖鎮,環島東路三段
2605,,金門縣金湖鎮,環島南路三段
2613,,金門縣金寧鄉,頂林路
2616,,金門縣金湖鎮,自強路
2623,Ⅲ-11-15M,金門縣金湖鎮,太湖路一段
2623,Ⅲ-11-15M,金門縣金湖鎮,太湖路一段
2625,,金門縣金沙鎮,埔華路
2642,,金門縣金城鎮,
2648,,金門縣金城鎮,
2650,,金門縣金城鎮,珠水路
2655,主計未編號56-4M,金門縣金城鎮,
2655,細1-71-6M,金門縣金城鎮,
2655,主計未編號1-1-17,金門縣金城鎮,浯江北堤路
2655,細1-32-6M,金門縣金城鎮,
2655,主計未編號35-6M,金門縣金城鎮,
2655,Ⅱ－4－25M,金門縣金城鎮,西海路三段
2655,主計未編號28-6M,金門縣金城鎮,
2655,主計未編號23-9M,金門縣金城鎮,
2655,細1-70-3M,金門縣金城鎮,
2655,Ⅰ－1－30M,金門縣金城鎮,環島西路一段
2671,,金門縣金城鎮,西海路一段
2671,,金門縣金城鎮,西海路一段
2671,,金門縣金城鎮,西海路一段
2671,,金門縣金城鎮,西海路一段
2669,,金門縣金湖鎮,經武路
2669,,金門縣金湖鎮,經武路
2681,,金門縣金沙鎮,2-22
2668,主計未編號13-10M,金門縣金城鎮,
2668,主計未編號8-10M,金門縣金城鎮,
2661,,金門縣金寧鄉,
2672,主計未編號6-10M,金門縣金城鎮,
2688,,金門縣金湖鎮,伯玉路四段
2690,,金門縣金寧鄉,慈湖路二段
2691,Ⅰ－5－30M,金門縣金城鎮,環島西路二段
2691,,金門縣金寧鄉,環島西路二段
2691,,金門縣金寧鄉,
2691,,金門縣金寧鄉,環島西路二段
2691,,金門縣金寧鄉,慈湖路二段
2691,,金門縣金寧鄉,環島西路二段
2691,,金門縣金寧鄉,慈湖路二段
2683,,金門縣烈嶼鄉,湖埔路
2683,,金門縣烈嶼鄉,湖埔路
2685,,金門縣金沙鎮,
2685,,金門縣金沙鎮,
2685,,金門縣金沙鎮,
2718,,金門縣金寧鄉,頂林路
2721,,金門縣金城鎮,環島南路一段
2694,Ⅲ-11-15M,金門縣金湖鎮,
2756,,金門縣金寧鄉,盤果路
2756,,金門縣金寧鄉,桃園路
2756,,金門縣金寧鄉,盤果路
2756,,金門縣金湖鎮,環島北路二段
2756,,金門縣金湖鎮,
2756,,金門縣金湖鎮,瓊徑路
2756,,金門縣金湖鎮,環島北路三段
2756,,金門縣金沙鎮,環島北路三段
2756,,金門縣金湖鎮,瓊安路
2756,,金門縣金湖鎮,環島北路二段
2702,,金門縣金湖鎮,
2747,,金門縣金沙鎮,光華路一段
2757,,金門縣烈嶼鄉,九井路
2763,主計未編號2-12M,金門縣金城鎮,光前路
2763,主計未編號26-1-8,金門縣金城鎮,
2766,,金門縣金寧鄉,環島西路二段
2765,主計未編號25-8M,金門縣金城鎮,民生路
2768,主計未編號4-1-10,金門縣金城鎮,珠浦西路
2772,,金門縣金寧鄉,頂林路
2772,,金門縣金寧鄉,
2773,,金門縣金寧鄉,
2775,,金門縣金城鎮,金山路
2778,,金門縣金湖鎮,伯玉路四段
2779,,金門縣金湖鎮,太湖路三段
2784,,金門縣金湖鎮,
2792,Ⅱ－3－10M,金門縣金城鎮,民族路
2796,,金門縣金湖鎮,金港路
2802,主計未編號27-8M,金門縣金城鎮,
2802,主計未編號26-8M,金門縣金城鎮,
2802,主計未編號4-10M,金門縣金城鎮,
2802,主計未編號13-10M,金門縣金城鎮,
2802,主計未編號12-10M,金門縣金城鎮,
2802,細1-147-4M,金門縣金城鎮,
2802,主計未編號41-8M,金門縣金城鎮,
2802,細1-150-4M,金門縣金城鎮,
2802,主計未編號26-1-8,金門縣金城鎮,
2802,主計未編號27-1-8,金門縣金城鎮,
2802,Ⅱ－3－18M,金門縣金城鎮,民權路
2802,主計未編號4-1-10,金門縣金城鎮,珠浦西路
2806,主計未編號9-10M,金門縣金城鎮,
2806,主計未編號16-10M,金門縣金城鎮,
2806,Ⅱ－2－18M,金門縣金城鎮,民生路
2807,Ⅱ－2－18M,金門縣金城鎮,民生路
2807,細1-35-6M,金門縣金城鎮,
2807,主計未編號34-6M,金門縣金城鎮,
2807,細1-190-4M,金門縣金城鎮,
2807,主計未編號40-6M,金門縣金城鎮,
2808,,金門縣金城鎮,
2812,,金門縣金城鎮,西海路二段
2819,,金門縣金沙鎮,
2819,,金門縣金沙鎮,
2826,,金門縣金湖鎮,環島南路五段
2827,,金門縣金沙鎮,
2829,,金門縣金沙鎮,沙青路
2830,,金門縣金湖鎮,公園路
2837,,金門縣金城鎮,西海路二段
2855,,金門縣金寧鄉,盤果路
2855,,金門縣金寧鄉,環島南路二段
2855,,金門縣金寧鄉,環島南路一段
2855,,金門縣金寧鄉,環島南路一段
2855,,金門縣金寧鄉,環島南路一段
2855,,金門縣金寧鄉,林湖路
2855,,金門縣金寧鄉,環島南路一段
2855,,金門縣金寧鄉,環島南路一段
2855,,金門縣金寧鄉,環島南路一段
2855,,金門縣金寧鄉,環島南路一段
2855,,金門縣金城鎮,環島南路一段
2855,,金門縣金城鎮,環島南路一段
2855,,金門縣金寧鄉,環島南路一段
2855,,金門縣金寧鄉,環島南路一段
2855,,金門縣金寧鄉,環島南路一段
2855,,金門縣金城鎮,環島南路一段
2855,,金門縣金城鎮,環島南路一段
2855,,金門縣金城鎮,環島南路一段
2855,,金門縣金城鎮,環島南路一段
2856,,金門縣金城鎮,西海路二段
2856,,金門縣金城鎮,西海路三段
2856,,金門縣金城鎮,西海路三段
2856,,金門縣金城鎮,西海路三段
2856,,金門縣金城鎮,西海路二段
2858,,金門縣金城鎮,西海路一段
2858,,金門縣金城鎮,西海路一段
2858,,金門縣金城鎮,西海路一段
2858,,金門縣金城鎮,西海路一段
2848,,金門縣金城鎮,賢城路
2866,細1-221-4M,金門縣金城鎮,
2875,主計未編號10-10M,金門縣金城鎮,
2875,主計未編號24-9M,金門縣金城鎮,
2875,,金門縣金城鎮,環島北路一段
2875,Ⅱ－1－18M,金門縣金城鎮,民權路
2875,主計未編號14-1-1,金門縣金城鎮,
2875,主計未編號1-17M,金門縣金城鎮,
2875,主計未編號11-10M,金門縣金城鎮,
2875,,金門縣金城鎮,
2875,Ⅱ－3－18M,金門縣金城鎮,民權路
2877,,金門縣金湖鎮,瓊徑路
2877,,金門縣金湖鎮,環島東路四段
2888,Ⅰ－1－30M,金門縣金城鎮,伯玉路一段
2890,,金門縣金寧鄉,伯玉路一段
2894,,金門縣金沙鎮,
2914,Ⅲ-11-15M,金門縣金湖鎮,
2912,主計未編號09-9M,金門縣金湖鎮,自強路
2921,,金門縣金寧鄉,瓊安路
2923,,金門縣金寧鄉,
2916,,金門縣金城鎮,西海路二段
2919,,金門縣金寧鄉,慈湖路一段
2928,,金門縣金沙鎮,環島北路四段
2929,,金門縣金寧鄉,伯玉路一段
2930,Ⅲ-11-15M,金門縣金湖鎮,太湖路三段
2907,,金門縣金湖鎮,環島南路三段
2933,,金門縣金湖鎮,環島南路四段
2932,,金門縣金湖鎮,環島南路三段
2952,,金門縣金寧鄉,伯玉路三段
2952,,金門縣金寧鄉,瓊安路
2952,,金門縣金寧鄉,環島北路二段
2955,四-6,金門縣金寧鄉,
2955,四-4,金門縣金寧鄉,
2958,,金門縣金寧鄉,伯玉路一段
2970,主計未編號16-10M,金門縣金城鎮,
2971,,金門縣金寧鄉,伯玉路一段
2967,,金門縣烈嶼鄉,九井路
2968,,金門縣金湖鎮,環島南路三段
2969,,金門縣金湖鎮,環島南路三段
2972,,金門縣金寧鄉,
2977,,金門縣烈嶼鄉,八青路
2979,,金門縣金寧鄉,慈湖路二段
2978,細1-219-4M,金門縣金城鎮,
2985,主計未編號1-1-17,金門縣金城鎮,浯江北堤路
2985,Ⅱ－4－25M,金門縣金城鎮,西海路三段
2985,主計未編號28-6M,金門縣金城鎮,
2985,Ⅰ－1－30M,金門縣金城鎮,環島西路一段
3010,Ⅰ－1－30M,金門縣金城鎮,伯玉路一段
3026,,金門縣金寧鄉,環島西路二段
3033,,金門縣金寧鄉,慈湖路二段
3035,,金門縣金寧鄉,林堡路
3036,細1-40-2-6M,金門縣金城鎮,
3036,Ⅱ－1－18M,金門縣金城鎮,民權路
3038,,金門縣金寧鄉,環島西路二段
3039,,金門縣金湖鎮,黃海路
3032,,金門縣金沙鎮,
3041,主計未編號1-17M,金門縣金城鎮,
3041,主計未編號7-10M,金門縣金城鎮,民權路
3045,,金門縣金寧鄉,環島北路一段
3048,,金門縣金湖鎮,環島南路三段
3043,細1-22-8M,金門縣金城鎮,
